bin_start_day,bin_end_day,E[N|M>=3.0],P(N>=1)
0.0,14.0,1.7062,0.8185
14.0,28.0,0.1465,0.1363
28.0,42.0,0.0923,0.0881
42.0,56.0,0.0692,0.0669
56.0,70.0,0.0562,0.0547
70.0,84.0,0.0479,0.0468
84.0,98.0,0.042,0.0412
98.0,112.0,0.0377,0.037
112.0,126.0,0.0344,0.0338
126.0,140.0,0.0317,0.0312
140.0,154.0,0.0295,0.0291
154.0,168.0,0.0277,0.0273
168.0,182.0,0.0262,0.0258
182.0,196.0,0.0249,0.0245
196.0,210.0,0.0237,0.0234
210.0,224.0,0.0227,0.0225
224.0,238.0,2.5602,0.9227
238.0,252.0,0.423,0.3449
252.0,266.0,0.2054,0.1856
266.0,280.0,0.1435,0.1337
280.0,294.0,0.113,0.1068
294.0,308.0,0.0945,0.0902
308.0,322.0,0.0821,0.0788
322.0,336.0,0.073,0.0704
336.0,350.0,0.0661,0.064
350.0,364.0,0.0607,0.0589
364.0,378.0,0.0562,0.0547
378.0,392.0,0.0526,0.0512
392.0,406.0,0.0494,0.0482
406.0,420.0,0.0468,0.0457
420.0,434.0,0.0444,0.0435
434.0,448.0,0.0424,0.0415
448.0,462.0,0.0406,0.0398
462.0,476.0,0.039,0.0382
476.0,490.0,0.0375,0.0368
490.0,504.0,0.0362,0.0355
504.0,518.0,0.035,0.0344
518.0,532.0,0.0339,0.0333
532.0,546.0,0.0329,0.0323
546.0,560.0,0.032,0.0314
560.0,574.0,0.0311,0.0306
574.0,588.0,0.0303,0.0298
588.0,602.0,0.0296,0.0291
602.0,616.0,0.0289,0.0285
616.0,630.0,0.0282,0.0278
630.0,644.0,0.0276,0.0272
644.0,658.0,0.027,0.0267
658.0,672.0,0.0265,0.0262
672.0,686.0,0.026,0.0257
686.0,700.0,0.0255,0.0252
700.0,714.0,0.0251,0.0247
714.0,728.0,0.0246,0.0243
728.0,742.0,0.0242,0.0239
742.0,756.0,0.0238,0.0235
756.0,770.0,0.0235,0.0232
770.0,784.0,0.0231,0.0228
784.0,798.0,0.0228,0.0225
798.0,812.0,0.0224,0.0222
812.0,826.0,0.0221,0.0219
826.0,840.0,0.0218,0.0216
840.0,854.0,0.0215,0.0213
854.0,868.0,0.0213,0.021
868.0,882.0,0.021,0.0208
882.0,896.0,0.0208,0.0205
896.0,910.0,0.0205,0.0203
910.0,924.0,0.0203,0.0201
924.0,938.0,0.02,0.0198
938.0,952.0,0.0198,0.0196
952.0,966.0,0.0196,0.0194
966.0,980.0,0.0194,0.0192
980.0,994.0,0.0192,0.019
994.0,1008.0,0.019,0.0188
1008.0,1022.0,0.0188,0.0187
1022.0,1036.0,0.0187,0.0185
1036.0,1050.0,0.0185,0.0183
1050.0,1064.0,0.0183,0.0182
1064.0,1078.0,0.0182,0.018
1078.0,1092.0,0.018,0.0178
1092.0,1106.0,0.0179,0.0177
1106.0,1120.0,0.0177,0.0175
1120.0,1134.0,0.0176,0.0174
1134.0,1148.0,0.0174,0.0173
1148.0,1162.0,0.0173,0.0171
1162.0,1176.0,0.0172,0.017
1176.0,1190.0,0.017,0.0169
1190.0,1204.0,0.0169,0.0168
1204.0,1218.0,0.0168,0.0166
1218.0,1232.0,0.0167,0.0165
1232.0,1246.0,0.0165,0.0164
1246.0,1260.0,0.0164,0.0163
1260.0,1274.0,0.0163,0.0162
1274.0,1288.0,0.0162,0.0161
1288.0,1302.0,0.0161,0.016
1302.0,1316.0,0.016,0.0159
1316.0,1330.0,0.0159,0.0158
1330.0,1344.0,0.0158,0.0157
1344.0,1358.0,0.0157,0.0156
1358.0,1372.0,0.0156,0.0155
1372.0,1386.0,0.0155,0.0154
1386.0,1400.0,0.0154,0.0153
1400.0,1414.0,0.0153,0.0152
1414.0,1428.0,0.0153,0.0151
1428.0,1442.0,0.0152,0.0151
1442.0,1456.0,0.0151,0.015
1456.0,1470.0,0.015,0.0149
1470.0,1484.0,0.0149,0.0148
1484.0,1498.0,0.0149,0.0147
1498.0,1512.0,0.0148,0.0147
1512.0,1526.0,0.0147,0.0146
1526.0,1540.0,0.0146,0.0145
1540.0,1554.0,0.0146,0.0145
1554.0,1568.0,0.0145,0.0144
1568.0,1582.0,0.0144,0.0143
1582.0,1596.0,0.0144,0.0143
1596.0,1610.0,0.0143,0.0142
1610.0,1624.0,0.0142,0.0141
1624.0,1638.0,0.0142,0.0141
1638.0,1652.0,0.0141,0.014
1652.0,1666.0,0.014,0.0139
1666.0,1680.0,0.014,0.0139
1680.0,1694.0,0.0139,0.0138
1694.0,1708.0,0.0139,0.0138
1708.0,1722.0,0.0138,0.0137
1722.0,1736.0,0.0137,0.0137
1736.0,1750.0,0.0137,0.0136
1750.0,1764.0,0.0136,0.0135
1764.0,1778.0,0.0136,0.0135
1778.0,1792.0,0.0135,0.0134
1792.0,1806.0,0.0135,0.0134
1806.0,1820.0,0.0134,0.0133
1820.0,1834.0,0.0134,0.0133
1834.0,1848.0,0.0133,0.0132
1848.0,1862.0,0.0133,0.0132
1862.0,1876.0,0.0132,0.0131
1876.0,1890.0,0.0132,0.0131
1890.0,1904.0,0.0131,0.0131
1904.0,1918.0,0.0131,0.013
1918.0,1932.0,0.0131,0.013
1932.0,1946.0,0.013,0.0129
1946.0,1960.0,0.013,0.0129
1960.0,1974.0,0.0129,0.0128
1974.0,1988.0,0.0129,0.0128
1988.0,2002.0,0.0128,0.0128
2002.0,2016.0,0.0128,0.0127
2016.0,2030.0,0.8621,0.5777
2030.0,2044.0,0.1417,0.1321
2044.0,2058.0,0.0733,0.0707
2058.0,2072.0,0.0534,0.052
2072.0,2086.0,0.0436,0.0426
2086.0,2100.0,0.0376,0.0369
2100.0,2114.0,0.0337,0.0331
2114.0,2128.0,0.0308,0.0303
2128.0,2142.0,0.0286,0.0282
2142.0,2156.0,0.0269,0.0265
2156.0,2170.0,0.0255,0.0252
2170.0,2184.0,0.0244,0.0241
2184.0,2198.0,0.0234,0.0231
2198.0,2212.0,0.0226,0.0223
2212.0,2226.0,0.0219,0.0216
2226.0,2240.0,0.0212,0.021
2240.0,2254.0,0.0207,0.0205
2254.0,2268.0,0.0202,0.02
2268.0,2282.0,0.0197,0.0195
2282.0,2296.0,0.0193,0.0192
2296.0,2310.0,0.019,0.0188
2310.0,2324.0,0.0186,0.0185
2324.0,2338.0,0.0183,0.0182
2338.0,2352.0,0.018,0.0179
2352.0,2366.0,0.0178,0.0176
2366.0,2380.0,0.0175,0.0174
2380.0,2394.0,0.0173,0.0172
2394.0,2408.0,0.0171,0.017
2408.0,2422.0,0.0169,0.0168
2422.0,2436.0,0.0167,0.0166
2436.0,2450.0,0.0165,0.0164
2450.0,2464.0,0.0164,0.0162
2464.0,2478.0,0.0162,0.0161
2478.0,2492.0,0.016,0.0159
2492.0,2506.0,0.0159,0.0158
2506.0,2520.0,0.0158,0.0156
2520.0,2534.0,0.0156,0.0155
2534.0,2548.0,0.0155,0.0154
2548.0,2562.0,0.0154,0.0153
2562.0,2576.0,0.0153,0.0152
2576.0,2590.0,0.0152,0.0151
2590.0,2604.0,0.0151,0.0149
2604.0,2618.0,0.015,0.0148
2618.0,2632.0,0.0149,0.0147
2632.0,2646.0,0.0148,0.0147
2646.0,2660.0,0.0147,0.0146
2660.0,2674.0,0.0146,0.0145
2674.0,2688.0,0.0145,0.0144
2688.0,2702.0,0.0144,0.0143
2702.0,2716.0,0.0143,0.0142
2716.0,2730.0,0.0143,0.0142
2730.0,2744.0,0.0142,0.0141
2744.0,2758.0,0.0141,0.014
2758.0,2772.0,0.014,0.0139
2772.0,2786.0,0.014,0.0139
2786.0,2800.0,0.0139,0.0138
2800.0,2814.0,0.0138,0.0137
2814.0,2828.0,0.4574,0.3671
2828.0,2842.0,0.06,0.0582
2842.0,2856.0,0.0394,0.0386
2856.0,2870.0,0.0318,0.0313
2870.0,2884.0,0.0277,0.0273
2884.0,2898.0,0.0251,0.0248
2898.0,2912.0,0.0233,0.023
2912.0,2926.0,0.022,0.0217
2926.0,2940.0,0.021,0.0207
2940.0,2954.0,0.0201,0.0199
2954.0,2968.0,0.0195,0.0193
2968.0,2982.0,0.0189,0.0187
2982.0,2996.0,0.0184,0.0183
2996.0,3010.0,0.018,0.0178
3010.0,3024.0,0.0176,0.0175
3024.0,3038.0,0.0173,0.0172
3038.0,3052.0,0.017,0.0169
3052.0,3066.0,0.0168,0.0166
3066.0,3080.0,0.0165,0.0164
3080.0,3094.0,0.0163,0.0162
3094.0,3108.0,0.4844,0.3839
3108.0,3122.0,0.1211,0.114
3122.0,3136.0,0.056,0.0545
3136.0,3150.0,0.0416,0.0407
3150.0,3164.0,0.0348,0.0342
3164.0,3178.0,0.2637,0.2318
3178.0,3192.0,0.0494,0.0482
3192.0,3206.0,0.0387,0.038
3206.0,3220.0,0.0338,0.0332
3220.0,3234.0,0.0307,0.0302
3234.0,3248.0,0.0285,0.0281
3248.0,3262.0,0.0269,0.0265
3262.0,3276.0,0.0256,0.0253
3276.0,3290.0,0.0245,0.0242
3290.0,3304.0,0.0236,0.0233
3304.0,3318.0,0.0229,0.0226
3318.0,3332.0,0.0222,0.022
3332.0,3346.0,0.0216,0.0214
3346.0,3360.0,0.0211,0.0209
3360.0,3374.0,0.0206,0.0204
3374.0,3388.0,0.0202,0.02
3388.0,3402.0,0.0199,0.0197
3402.0,3416.0,0.0195,0.0193
3416.0,3430.0,0.0192,0.019
3430.0,3444.0,0.0189,0.0187
3444.0,3458.0,0.0186,0.0185
3458.0,3472.0,0.0184,0.0182
3472.0,3486.0,0.0181,0.018
3486.0,3500.0,0.0179,0.0178
3500.0,3514.0,0.0177,0.0175
3514.0,3528.0,0.2333,0.2081
3528.0,3542.0,0.0738,0.0712
3542.0,3556.0,0.037,0.0363
3556.0,3570.0,0.0296,0.0292
3570.0,3584.0,0.0262,0.0259
3584.0,3598.0,0.0242,0.0239
3598.0,3612.0,0.0228,0.0225
3612.0,3626.0,1.1699,0.6896
3626.0,3640.0,0.694,0.5004
3640.0,3654.0,0.1671,0.1538
3654.0,3668.0,178.8884,1.0
3668.0,3682.0,74.1723,1.0
3682.0,3696.0,49.963,1.0
3696.0,3710.0,31.551,1.0
3710.0,3724.0,24.7849,1.0
3724.0,3738.0,16.8049,1.0
3738.0,3752.0,16.1995,1.0
3752.0,3766.0,14.4113,1.0
3766.0,3780.0,10.6539,1.0
3780.0,3794.0,9.218,0.9999
3794.0,3808.0,11.7049,1.0
3808.0,3822.0,9.5015,0.9999
3822.0,3836.0,9.2402,0.9999
3836.0,3850.0,10.4503,1.0
3850.0,3864.0,7.3982,0.9994
3864.0,3878.0,7.4315,0.9994
3878.0,3892.0,7.8193,0.9996
3892.0,3906.0,7.7948,0.9996
3906.0,3920.0,6.3019,0.9982
3920.0,3934.0,5.1936,0.9944
3934.0,3948.0,6.2738,0.9981
3948.0,3962.0,6.6658,0.9987
3962.0,3976.0,6.5183,0.9985
3976.0,3990.0,6.5414,0.9986
3990.0,4004.0,4.3993,0.9877
4004.0,4018.0,6.6753,0.9987
4018.0,4032.0,5.0142,0.9934
4032.0,4046.0,4.094,0.9833
4046.0,4060.0,4.9905,0.9932
4060.0,4074.0,3.7992,0.9776
4074.0,4088.0,5.5764,0.9962
4088.0,4102.0,4.4144,0.9879
4102.0,4116.0,3.8255,0.9782
4116.0,4130.0,3.8385,0.9785
4130.0,4144.0,3.171,0.958
4144.0,4158.0,2.6661,0.9305
4158.0,4172.0,3.6526,0.9741
4172.0,4186.0,2.6437,0.9289
4186.0,4200.0,2.514,0.9191
4200.0,4214.0,2.3449,0.9041
4214.0,4228.0,4.2803,0.9862
4228.0,4242.0,3.561,0.9716
4242.0,4256.0,3.4945,0.9696
4256.0,4270.0,2.5951,0.9254
4270.0,4284.0,2.2057,0.8898
4284.0,4298.0,2.1292,0.8811
4298.0,4312.0,2.3146,0.9012
4312.0,4326.0,3.1721,0.9581
4326.0,4340.0,2.1641,0.8851
4340.0,4354.0,1.9225,0.8538
4354.0,4368.0,3.0842,0.9542
4368.0,4382.0,2.6204,0.9272
4382.0,4396.0,2.3718,0.9067
4396.0,4410.0,4.0589,0.9827
4410.0,4424.0,2.6117,0.9266
4424.0,4438.0,2.7469,0.9359
4438.0,4452.0,2.3337,0.9031
4452.0,4466.0,1.735,0.8236
4466.0,4480.0,1.7707,0.8298
4480.0,4494.0,1.5265,0.7827
4494.0,4508.0,1.8867,0.8484
4508.0,4522.0,2.5457,0.9216
4522.0,4536.0,1.6776,0.8132
4536.0,4550.0,1.6126,0.8006
4550.0,4564.0,1.6567,0.8092
4564.0,4578.0,1.5574,0.7893
4578.0,4592.0,3.492,0.9696
4592.0,4606.0,1.8672,0.8454
4606.0,4620.0,2.2728,0.897
4620.0,4634.0,1.5998,0.7981
4634.0,4648.0,3.0386,0.9521
4648.0,4662.0,1.9639,0.8597
4662.0,4676.0,1.8592,0.8442
4676.0,4690.0,1.4194,0.7581
4690.0,4704.0,1.2943,0.7259
4704.0,4718.0,1.2381,0.7101
4718.0,4732.0,1.3665,0.745
4732.0,4746.0,1.1879,0.6952
4746.0,4760.0,1.1472,0.6825
4760.0,4774.0,1.5128,0.7797
4774.0,4788.0,1.3068,0.7293
4788.0,4802.0,1.1314,0.6774
4802.0,4816.0,1.0832,0.6615
4816.0,4830.0,1.0556,0.652
4830.0,4844.0,2.1923,0.8883
4844.0,4858.0,1.3045,0.7287
4858.0,4872.0,1.1121,0.6711
4872.0,4886.0,1.4422,0.7636
4886.0,4900.0,1.5472,0.7872
4900.0,4914.0,1.062,0.6542
4914.0,4928.0,1.4438,0.764
4928.0,4942.0,1.2462,0.7124
4942.0,4956.0,1.02,0.6394
4956.0,4970.0,0.977,0.6236
4970.0,4984.0,1.9002,0.8505
4984.0,4998.0,1.0181,0.6387
4998.0,5012.0,1.3578,0.7428
5012.0,5026.0,0.9827,0.6257
5026.0,5040.0,1.0727,0.6579
5040.0,5054.0,0.9442,0.611
5054.0,5068.0,0.9045,0.5952
5068.0,5082.0,1.6045,0.799
5082.0,5096.0,1.4562,0.7669
5096.0,5110.0,1.0868,0.6627
5110.0,5124.0,0.946,0.6117
5124.0,5138.0,1.1433,0.6812
5138.0,5152.0,1.1002,0.6672
5152.0,5166.0,0.8923,0.5903
5166.0,5180.0,1.0225,0.6403
5180.0,5194.0,0.9668,0.6197
5194.0,5208.0,1.0747,0.6586
5208.0,5222.0,1.1887,0.6954
5222.0,5236.0,0.8734,0.5825
5236.0,5250.0,0.8249,0.5617
5250.0,5264.0,0.8021,0.5516
5264.0,5278.0,0.7858,0.5442
5278.0,5292.0,1.1734,0.6907
5292.0,5306.0,0.8063,0.5535
5306.0,5320.0,0.7746,0.5391
5320.0,5334.0,1.0062,0.6344
5334.0,5348.0,0.8598,0.5767
5348.0,5362.0,1.0116,0.6364
5362.0,5376.0,1.6229,0.8027
5376.0,5390.0,1.0135,0.637
5390.0,5404.0,0.8045,0.5527
5404.0,5418.0,0.9011,0.5939
5418.0,5432.0,0.774,0.5388
5432.0,5446.0,0.9869,0.6273
5446.0,5460.0,0.7535,0.5293
5460.0,5474.0,0.9585,0.6165
5474.0,5488.0,0.7291,0.5176
5488.0,5502.0,1.7042,0.8181
5502.0,5516.0,0.8017,0.5514
5516.0,5530.0,4.4346,0.9881
5530.0,5544.0,1.3844,0.7495
5544.0,5558.0,7.3161,0.9993
5558.0,5572.0,4.2519,0.9858
5572.0,5586.0,2.0133,0.8665
5586.0,5600.0,1.6883,0.8152
5600.0,5614.0,1.3297,0.7355
5614.0,5628.0,1.201,0.6991
5628.0,5642.0,2.9298,0.9466
5642.0,5656.0,1.1496,0.6832
5656.0,5670.0,1.0063,0.6344
5670.0,5684.0,0.9361,0.6078
5684.0,5698.0,2.4395,0.9128
5698.0,5712.0,1.28,0.722
5712.0,5726.0,1.1299,0.6769
5726.0,5740.0,0.9156,0.5997
5740.0,5754.0,1.0862,0.6625
5754.0,5768.0,0.846,0.5709
5768.0,5782.0,0.8095,0.5549
5782.0,5796.0,0.7841,0.5435
5796.0,5810.0,1.0795,0.6602
5810.0,5824.0,0.9646,0.6189
5824.0,5838.0,0.7961,0.5489
5838.0,5852.0,0.7478,0.5266
5852.0,5866.0,0.7264,0.5164
5866.0,5880.0,0.7104,0.5086
5880.0,5894.0,0.697,0.5019
5894.0,5908.0,0.6853,0.4961
5908.0,5922.0,1.3286,0.7351
5922.0,5936.0,1.1842,0.694
5936.0,5950.0,0.937,0.6082
5950.0,5964.0,1.0544,0.6516
5964.0,5978.0,1.161,0.6868
5978.0,5992.0,0.7401,0.5229
5992.0,6006.0,0.699,0.5029
6006.0,6020.0,1.5096,0.779
6020.0,6034.0,0.8664,0.5796
6034.0,6048.0,0.7219,0.5142
6048.0,6062.0,0.684,0.4954
6062.0,6076.0,0.6621,0.4843
6076.0,6090.0,0.8105,0.5554
6090.0,6104.0,0.8126,0.5563
6104.0,6118.0,1.9555,0.8585
6118.0,6132.0,0.7403,0.523
6132.0,6146.0,0.6845,0.4956
6146.0,6160.0,0.6562,0.4812
6160.0,6174.0,0.6373,0.4713
6174.0,6188.0,0.7928,0.5474
6188.0,6202.0,0.6352,0.4702
6202.0,6216.0,0.6132,0.4584
6216.0,6230.0,0.6008,0.4516
6230.0,6244.0,0.5911,0.4463
6244.0,6258.0,1.6035,0.7988
6258.0,6272.0,1.0034,0.6334
6272.0,6286.0,0.6759,0.4913
6286.0,6300.0,1.0662,0.6557
6300.0,6314.0,0.6437,0.4747
6314.0,6328.0,0.6136,0.4586
6328.0,6342.0,0.5956,0.4488
6342.0,6356.0,0.7457,0.5256
6356.0,6370.0,0.6004,0.4514
6370.0,6384.0,0.9037,0.5949
6384.0,6398.0,0.6332,0.4691
6398.0,6412.0,0.5825,0.4415
6412.0,6426.0,0.5654,0.4319
6426.0,6440.0,0.5543,0.4255
6440.0,6454.0,0.5457,0.4206
6454.0,6468.0,0.6851,0.4959
6468.0,6482.0,0.5733,0.4363
6482.0,6496.0,0.5402,0.4174
6496.0,6510.0,0.5298,0.4113
6510.0,6524.0,0.5226,0.407
6524.0,6538.0,0.5166,0.4035
6538.0,6552.0,0.5113,0.4003
6552.0,6566.0,0.5065,0.3974
6566.0,6580.0,0.502,0.3947
6580.0,6594.0,0.4978,0.3921
6594.0,6608.0,0.7554,0.5302
6608.0,6622.0,0.846,0.5709
6622.0,6636.0,0.5345,0.414
6636.0,6650.0,0.7252,0.5158
6650.0,6664.0,0.7002,0.5035
6664.0,6678.0,0.5309,0.4119
6678.0,6692.0,0.5085,0.3986
6692.0,6706.0,0.4973,0.3918
6706.0,6720.0,0.4895,0.3871
6720.0,6734.0,0.4833,0.3832
6734.0,6748.0,0.478,0.38
6748.0,6762.0,0.4733,0.3771
6762.0,6776.0,0.469,0.3744
6776.0,6790.0,0.4651,0.3719
6790.0,6804.0,1.025,0.6412
6804.0,6818.0,0.6377,0.4715
6818.0,6832.0,0.5109,0.4001
6832.0,6846.0,0.6678,0.4872
6846.0,6860.0,1.2894,0.7246
6860.0,6874.0,0.6248,0.4646
6874.0,6888.0,0.5301,0.4115
6888.0,6902.0,0.5018,0.3946
6902.0,6916.0,0.4861,0.385
6916.0,6930.0,0.4754,0.3784
6930.0,6944.0,0.4672,0.3733
6944.0,6958.0,0.5916,0.4465
6958.0,6972.0,0.4901,0.3875
6972.0,6986.0,0.4621,0.3701
6986.0,7000.0,0.4533,0.3645
7000.0,7014.0,0.4472,0.3606
7014.0,7028.0,0.7059,0.5063
7028.0,7042.0,0.462,0.37
7042.0,7056.0,0.4484,0.3613
7056.0,7070.0,0.4409,0.3565
7070.0,7084.0,0.4354,0.353
7084.0,7098.0,0.431,0.3501
7098.0,7112.0,0.4271,0.3476
7112.0,7126.0,0.4236,0.3453
7126.0,7140.0,0.4204,0.3432
7140.0,7154.0,0.8866,0.588
7154.0,7168.0,0.8337,0.5656
7168.0,7182.0,0.5556,0.4263
7182.0,7196.0,0.5243,0.408
7196.0,7210.0,0.4485,0.3614
7210.0,7224.0,0.4354,0.353
7224.0,7238.0,0.4273,0.3477
7238.0,7252.0,0.4211,0.3437
7252.0,7266.0,0.4162,0.3404
7266.0,7280.0,0.4119,0.3376
7280.0,7294.0,0.5455,0.4204
7294.0,7308.0,0.4542,0.365
7308.0,7322.0,0.4161,0.3404
7322.0,7336.0,0.4078,0.3349
7336.0,7350.0,0.4027,0.3315
7350.0,7364.0,0.3988,0.3289
7364.0,7378.0,0.3954,0.3266
7378.0,7392.0,0.3925,0.3246
7392.0,7406.0,0.3898,0.3228
7406.0,7420.0,0.3872,0.3211
7420.0,7434.0,0.3848,0.3194
7434.0,7448.0,0.3825,0.3179
7448.0,7462.0,0.3803,0.3164
7462.0,7476.0,0.3782,0.3149
7476.0,7490.0,0.3762,0.3135
7490.0,7504.0,0.3742,0.3122
7504.0,7518.0,1.3963,0.7525
7518.0,7532.0,0.4901,0.3874
7532.0,7546.0,0.761,0.5328
7546.0,7560.0,0.4546,0.3653
7560.0,7574.0,0.421,0.3436
7574.0,7588.0,0.4062,0.3338
7588.0,7602.0,0.3968,0.3275
7602.0,7616.0,0.3899,0.3229
7616.0,7630.0,0.3845,0.3192
7630.0,7644.0,0.38,0.3162
7644.0,7658.0,0.3762,0.3135
7658.0,7672.0,0.3728,0.3112
7672.0,7686.0,0.3697,0.3091
7686.0,7700.0,0.367,0.3072
7700.0,7714.0,0.3644,0.3054
7714.0,7728.0,0.362,0.3037
7728.0,7742.0,0.3597,0.3021
7742.0,7756.0,0.7923,0.5472
7756.0,7770.0,0.4886,0.3865
7770.0,7784.0,0.3962,0.3271
7784.0,7798.0,0.3785,0.3151
7798.0,7812.0,0.3697,0.3091
7812.0,7826.0,2.0664,0.8734
7826.0,7840.0,0.6473,0.4766
7840.0,7854.0,0.4842,0.3838
7854.0,7868.0,0.4382,0.3548
7868.0,7882.0,0.4147,0.3395
7882.0,7896.0,0.3999,0.3296
7896.0,7910.0,0.3894,0.3226
7910.0,7924.0,0.3815,0.3171
7924.0,7938.0,0.3751,0.3128
7938.0,7952.0,0.3697,0.3091
7952.0,7966.0,0.3652,0.3059
7966.0,7980.0,0.3612,0.3031
7980.0,7994.0,0.8434,0.5698
7994.0,8008.0,0.5102,0.3996
8008.0,8022.0,0.4,0.3297
8022.0,8036.0,0.3793,0.3156
8036.0,8050.0,0.3687,0.3084
8050.0,8064.0,0.3618,0.3036
8064.0,8078.0,0.3565,0.2999
8078.0,8092.0,1.599,0.7979
8092.0,8106.0,1.815,0.8372
8106.0,8120.0,0.6677,0.4871
8120.0,8134.0,0.7846,0.5437
8134.0,8148.0,0.5073,0.3979
8148.0,8162.0,0.4456,0.3596
8162.0,8176.0,0.4203,0.3431
8176.0,8190.0,0.4041,0.3324
8190.0,8204.0,0.3924,0.3246
8204.0,8218.0,0.3833,0.3184
8218.0,8232.0,0.8557,0.575
8232.0,8246.0,0.4396,0.3557
8246.0,8260.0,0.3978,0.3282
8260.0,8274.0,0.8219,0.5604
8274.0,8288.0,0.4109,0.3369
8288.0,8302.0,0.3885,0.3219
8302.0,8316.0,0.3765,0.3137
8316.0,8330.0,0.3683,0.3081
8330.0,8344.0,0.3619,0.3036
8344.0,8358.0,0.3566,0.3
8358.0,8372.0,0.3522,0.2968
8372.0,8386.0,0.3482,0.2941
8386.0,8400.0,0.3447,0.2916
8400.0,8414.0,0.3415,0.2893
8414.0,8428.0,0.3386,0.2872
8428.0,8442.0,0.3358,0.2853
8442.0,8456.0,0.7542,0.5296
8456.0,8470.0,0.3829,0.3181
8470.0,8484.0,0.3556,0.2992
8484.0,8498.0,0.3451,0.2918
8498.0,8512.0,0.3387,0.2873
8512.0,8526.0,0.3341,0.284
8526.0,8540.0,0.3305,0.2814
8540.0,8554.0,0.3274,0.2792
8554.0,8568.0,0.3246,0.2772
8568.0,8582.0,0.3222,0.2754
8582.0,8596.0,0.5915,0.4465
8596.0,8610.0,0.3458,0.2923
8610.0,8624.0,0.3315,0.2822
8624.0,8638.0,0.3251,0.2775
8638.0,8652.0,0.3208,0.2745
8652.0,8666.0,0.3176,0.2721
8666.0,8680.0,0.3149,0.2702
8680.0,8694.0,0.3126,0.2684
8694.0,8708.0,0.3105,0.2669
8708.0,8722.0,0.3085,0.2655
8722.0,8736.0,0.3067,0.2642
8736.0,8750.0,0.305,0.2629
8750.0,8764.0,0.3034,0.2617
8764.0,8778.0,0.3019,0.2606
8778.0,8792.0,0.3004,0.2595
8792.0,8806.0,0.299,0.2584
8806.0,8820.0,0.2976,0.2574
8820.0,8834.0,0.2963,0.2564
8834.0,8848.0,0.295,0.2555
8848.0,8862.0,0.2937,0.2545
8862.0,8876.0,0.2925,0.2536
8876.0,8890.0,0.2913,0.2527
8890.0,8904.0,0.2901,0.2518
8904.0,8918.0,0.289,0.251
8918.0,8932.0,0.2878,0.2501
8932.0,8946.0,0.2867,0.2493
8946.0,8960.0,0.2856,0.2485
8960.0,8974.0,0.2846,0.2477
8974.0,8988.0,0.2835,0.2469
8988.0,9002.0,0.2825,0.2461
9002.0,9016.0,0.2815,0.2453
9016.0,9030.0,1.0123,0.6366
9030.0,9044.0,0.3918,0.3242
9044.0,9058.0,0.331,0.2818
9058.0,9072.0,0.3128,0.2686
9072.0,9086.0,0.3034,0.2617
9086.0,9100.0,0.2974,0.2572
9100.0,9114.0,0.2931,0.254
9114.0,9128.0,0.2897,0.2515
9128.0,9142.0,0.2869,0.2494
9142.0,9156.0,0.2846,0.2477
9156.0,9170.0,0.2826,0.2462
9170.0,9184.0,0.2807,0.2448
9184.0,9198.0,0.2791,0.2435
9198.0,9212.0,0.2776,0.2424
9212.0,9226.0,0.2761,0.2413
9226.0,9240.0,0.2748,0.2403
9240.0,9254.0,0.5091,0.399
9254.0,9268.0,0.2922,0.2534
9268.0,9282.0,0.2832,0.2466
9282.0,9296.0,0.2788,0.2433
9296.0,9310.0,0.2759,0.2411
9310.0,9324.0,0.2736,0.2394
9324.0,9338.0,0.2718,0.238
9338.0,9352.0,0.2702,0.2368
9352.0,9366.0,0.2688,0.2357
9366.0,9380.0,0.2675,0.2347
9380.0,9394.0,0.6534,0.4797
9394.0,9408.0,0.297,0.2569
9408.0,9422.0,0.4853,0.3845
9422.0,9436.0,0.3182,0.2726
9436.0,9450.0,0.2898,0.2516
9450.0,9464.0,0.5126,0.4011
9464.0,9478.0,0.2981,0.2578
9478.0,9492.0,0.2853,0.2482
9492.0,9506.0,0.279,0.2435
9506.0,9520.0,0.2748,0.2403
9520.0,9534.0,0.2716,0.2379
9534.0,9548.0,0.2691,0.2359
9548.0,9562.0,0.2669,0.2343
9562.0,9576.0,0.2651,0.2328
9576.0,9590.0,0.2634,0.2316
9590.0,9604.0,0.2619,0.2304
9604.0,9618.0,0.2605,0.2293
9618.0,9632.0,0.2591,0.2283
9632.0,9646.0,0.2579,0.2273
9646.0,9660.0,0.2568,0.2264
9660.0,9674.0,0.2556,0.2256
9674.0,9688.0,0.2546,0.2248
9688.0,9702.0,0.2536,0.224
9702.0,9716.0,0.2526,0.2232
9716.0,9730.0,0.2517,0.2225
9730.0,9744.0,0.2507,0.2218
9744.0,9758.0,0.2498,0.2211
9758.0,9772.0,0.249,0.2204
9772.0,9786.0,0.2481,0.2197
9786.0,9800.0,0.2473,0.2191
9800.0,9814.0,0.2465,0.2185
9814.0,9828.0,0.2457,0.2178
9828.0,9842.0,0.2449,0.2172
9842.0,9856.0,0.2442,0.2166
9856.0,9870.0,0.2434,0.2161
9870.0,9884.0,0.2427,0.2155
9884.0,9898.0,0.3593,0.3019
9898.0,9912.0,0.3093,0.266
9912.0,9926.0,0.2555,0.2255
9926.0,9940.0,0.9456,0.6116
9940.0,9954.0,0.3151,0.2703
9954.0,9968.0,0.2832,0.2466
9968.0,9982.0,0.2702,0.2368
9982.0,9996.0,0.2628,0.2311
9996.0,10010.0,0.2578,0.2273
10010.0,10024.0,0.2541,0.2244
10024.0,10038.0,0.2513,0.2222
10038.0,10052.0,0.2489,0.2204
10052.0,10066.0,0.2469,0.2188
10066.0,10080.0,0.2452,0.2174
10080.0,10094.0,0.2436,0.2162
10094.0,10108.0,0.2422,0.2151
10108.0,10122.0,0.241,0.2141
10122.0,10136.0,0.2398,0.2132
10136.0,10150.0,0.2387,0.2123
10150.0,10164.0,0.2376,0.2115
10164.0,10178.0,0.2366,0.2107
10178.0,10192.0,0.2357,0.21
10192.0,10206.0,0.2348,0.2093
10206.0,10220.0,0.234,0.2086
10220.0,10234.0,0.2331,0.2079
10234.0,10248.0,0.2323,0.2073
10248.0,10262.0,0.2316,0.2067
10262.0,10276.0,0.2308,0.2061
10276.0,10290.0,0.2301,0.2055
10290.0,10304.0,0.2293,0.2049
10304.0,10318.0,0.2286,0.2044
10318.0,10332.0,0.228,0.2038
10332.0,10346.0,0.2273,0.2033
10346.0,10360.0,0.2266,0.2028
10360.0,10374.0,0.226,0.2023
10374.0,10388.0,0.2254,0.2018
10388.0,10402.0,0.5405,0.4176
10402.0,10416.0,0.27,0.2366
10416.0,10430.0,0.2456,0.2177
10430.0,10444.0,0.7497,0.5275
10444.0,10458.0,0.3071,0.2644
10458.0,10472.0,0.2664,0.2339
10472.0,10486.0,0.253,0.2235
10486.0,10500.0,0.2456,0.2178
10500.0,10514.0,0.2409,0.214
10514.0,10528.0,0.2374,0.2113
10528.0,10542.0,1.9584,0.8589
10542.0,10556.0,0.3801,0.3162
10556.0,10570.0,0.3194,0.2734
10570.0,10584.0,0.2934,0.2543
10584.0,10598.0,0.2784,0.243
10598.0,10612.0,0.2684,0.2354
10612.0,10626.0,0.2611,0.2298
10626.0,10640.0,0.2556,0.2255
10640.0,10654.0,0.2511,0.2221
10654.0,10668.0,0.2474,0.2192
10668.0,10682.0,0.2443,0.2167
10682.0,10696.0,0.2415,0.2146
10696.0,10710.0,0.8367,0.5668
10710.0,10724.0,0.3086,0.2655
10724.0,10738.0,1.5542,0.7886
10738.0,10752.0,2.3288,0.9026
10752.0,10766.0,0.7792,0.5412
10766.0,10780.0,1.2429,0.7115
10780.0,10794.0,0.4802,0.3814
10794.0,10808.0,0.5,0.3935
10808.0,10822.0,0.9343,0.6071
10822.0,10836.0,0.4415,0.3569
10836.0,10850.0,0.3687,0.3084
10850.0,10864.0,0.3407,0.2887
10864.0,10878.0,0.3233,0.2762
10878.0,10892.0,0.3106,0.267
10892.0,10906.0,0.3008,0.2598
10906.0,10920.0,0.2928,0.2538
10920.0,10934.0,0.2861,0.2488
10934.0,10948.0,0.2804,0.2445
10948.0,10962.0,0.2754,0.2407
10962.0,10976.0,0.271,0.2374
10976.0,10990.0,0.2671,0.2344
10990.0,11004.0,0.2636,0.2317
11004.0,11018.0,0.2604,0.2293
11018.0,11032.0,0.2575,0.227
11032.0,11046.0,0.2548,0.2249
11046.0,11060.0,0.2523,0.223
11060.0,11074.0,0.25,0.2212
11074.0,11088.0,0.2478,0.2195
11088.0,11102.0,0.2458,0.2179
11102.0,11116.0,0.6622,0.4843
11116.0,11130.0,0.2883,0.2505
11130.0,11144.0,0.6258,0.4652
11144.0,11158.0,0.5355,0.4146
11158.0,11172.0,0.5514,0.4239
11172.0,11186.0,0.3323,0.2827
11186.0,11200.0,0.2881,0.2503
11200.0,11214.0,0.2733,0.2391
11214.0,11228.0,0.2645,0.2324
11228.0,11242.0,0.2583,0.2277
11242.0,11256.0,1.8957,0.8498
11256.0,11270.0,0.4183,0.3418
11270.0,11284.0,0.341,0.289
11284.0,11298.0,0.3106,0.267
11298.0,11312.0,0.2933,0.2542
11312.0,11326.0,0.2819,0.2456
11326.0,11340.0,0.2735,0.2393
11340.0,11354.0,0.267,0.2343
11354.0,11368.0,0.2617,0.2303
11368.0,11382.0,0.2573,0.2269
11382.0,11396.0,0.2535,0.2239
11396.0,11410.0,0.2502,0.2214
11410.0,11424.0,0.2473,0.2191
11424.0,11438.0,0.2447,0.2171
11438.0,11452.0,0.2423,0.2152
11452.0,11466.0,0.2401,0.2135
11466.0,11480.0,0.2381,0.2119
11480.0,11494.0,0.2363,0.2104
11494.0,11508.0,0.2345,0.209
11508.0,11522.0,0.2329,0.2077
11522.0,11536.0,0.2313,0.2065
11536.0,11550.0,0.2299,0.2054
11550.0,11564.0,0.2285,0.2043
11564.0,11578.0,0.2272,0.2032
11578.0,11592.0,0.2259,0.2022
11592.0,11606.0,0.2247,0.2013
11606.0,11620.0,0.2236,0.2003
11620.0,11634.0,0.2224,0.1994
11634.0,11648.0,0.2214,0.1986
11648.0,11662.0,0.2203,0.1978
11662.0,11676.0,0.4501,0.3624
11676.0,11690.0,0.2407,0.2139
11690.0,11704.0,0.845,0.5705
11704.0,11718.0,0.2952,0.2556
11718.0,11732.0,0.2599,0.2288
11732.0,11746.0,0.2466,0.2185
11746.0,11760.0,0.239,0.2126
11760.0,11774.0,0.234,0.2086
11774.0,11788.0,0.2302,0.2056
11788.0,11802.0,0.2272,0.2033
11802.0,11816.0,0.4572,0.3669
11816.0,11830.0,0.2442,0.2166
11830.0,11844.0,0.2334,0.2082
11844.0,11858.0,0.2282,0.2041
11858.0,11872.0,0.2248,0.2014
11872.0,11886.0,0.2223,0.1993
11886.0,11900.0,0.5421,0.4185
11900.0,11914.0,0.2634,0.2316
11914.0,11928.0,0.2388,0.2124
11928.0,11942.0,0.2303,0.2057
11942.0,11956.0,0.2255,0.2019
11956.0,11970.0,0.2222,0.1992
11970.0,11984.0,0.4213,0.3438
11984.0,11998.0,0.2385,0.2122
11998.0,12012.0,0.688,0.4974
12012.0,12026.0,0.3338,0.2838
12026.0,12040.0,0.5116,0.4004
12040.0,12054.0,0.3042,0.2623
12054.0,12068.0,0.499,0.3928
12068.0,12082.0,0.2749,0.2404
12082.0,12096.0,0.2515,0.2223
12096.0,12110.0,0.2412,0.2143
12110.0,12124.0,0.2346,0.2091
12124.0,12138.0,0.2299,0.2054
12138.0,12152.0,0.6008,0.4516
12152.0,12166.0,0.2615,0.2301
12166.0,12180.0,0.2422,0.2151
12180.0,12194.0,0.2337,0.2084
12194.0,12208.0,0.2284,0.2042
12208.0,12222.0,0.2246,0.2011
12222.0,12236.0,0.2215,0.1987
12236.0,12250.0,0.219,0.1967
12250.0,12264.0,0.2169,0.195
12264.0,12278.0,0.215,0.1934
12278.0,12292.0,0.2133,0.1921
12292.0,12306.0,0.2118,0.1909
12306.0,12320.0,0.2104,0.1897
12320.0,12334.0,0.2091,0.1887
12334.0,12348.0,0.2079,0.1877
12348.0,12362.0,0.2067,0.1868
12362.0,12376.0,0.2057,0.1859
12376.0,12390.0,0.2047,0.1851
12390.0,12404.0,0.2037,0.1843
12404.0,12418.0,0.2028,0.1835
12418.0,12432.0,0.2019,0.1828
12432.0,12446.0,0.2011,0.1821
12446.0,12460.0,0.2002,0.1815
12460.0,12474.0,0.1995,0.1808
12474.0,12488.0,0.1987,0.1802
12488.0,12502.0,0.198,0.1796
12502.0,12516.0,0.6372,0.4712
12516.0,12530.0,0.27,0.2367
12530.0,12544.0,0.2288,0.2045
12544.0,12558.0,0.2171,0.1952
12558.0,12572.0,0.2112,0.1903
12572.0,12586.0,0.2073,0.1873
12586.0,12600.0,0.2046,0.185
12600.0,12614.0,0.2025,0.1833
12614.0,12628.0,0.2008,0.1819
12628.0,12642.0,0.1993,0.1807
12642.0,12656.0,0.198,0.1796
12656.0,12670.0,0.1969,0.1787
12670.0,12684.0,0.1958,0.1779
12684.0,12698.0,0.1949,0.1771
12698.0,12712.0,0.194,0.1763
12712.0,12726.0,0.1932,0.1757
12726.0,12740.0,0.1924,0.175
12740.0,12754.0,0.1917,0.1744
12754.0,12768.0,1.3184,0.7324
