latitude,longitude,pga_475_overall,pga_2475_overall,pga_475_bg
22.0,68.0,0.04616889789208835,0.09323578658379533,0.0033554070063259033
22.0,68.1,0.05335920201185616,0.1083116933469161,0.0036858782323216147
22.0,68.19999999999999,0.057289737623694256,0.1157955386024183,0.004016083449914466
22.0,68.29999999999998,0.05938379715091804,0.11933499265235097,0.004318736388968375
22.0,68.39999999999998,0.060734544605016365,0.1214913067131978,0.00457491122537449
22.0,68.49999999999997,0.06156253043988744,0.12261057340603583,0.004783802234627291
22.0,68.59999999999997,0.06207096437653897,0.1231182138429887,0.004956756697579199
22.0,68.69999999999996,0.06256126984417026,0.12372096493121805,0.005103404183895289
22.0,68.79999999999995,0.06288804721430323,0.12400985195441498,0.005228514059179972
22.0,68.89999999999995,0.06308328566290629,0.12404277403926872,0.005337827142630111
22.0,68.99999999999994,0.06335909377513216,0.12435261259774119,0.005433969705532575
22.0,69.09999999999994,0.06353204018409173,0.1244556734459663,0.005518579617588902
22.0,69.19999999999993,0.06361078476141706,0.12436480504893244,0.005592772814168141
22.0,69.29999999999993,0.06379215426181901,0.12458571729952818,0.005657288387495699
22.0,69.39999999999992,0.06388932634695176,0.12462616951170873,0.005712103624309764
22.0,69.49999999999991,0.0639062730677076,0.12449096806974648,0.005758173989220565
22.0,69.59999999999991,0.06403421651166738,0.12467902744742056,0.005795608651459531
22.0,69.6999999999999,0.06408499802608833,0.12469616527314219,0.00582432747963837
22.0,69.7999999999999,0.06405865067714465,0.12454333950269307,0.005843969263590155
22.0,69.89999999999989,0.06414151620362264,0.1247151698521411,0.005853888494535628
22.0,69.99999999999989,0.06414290973363809,0.12471500458454837,0.0058534200603949085
22.0,70.09999999999988,0.06405909880780389,0.1245401424997781,0.005841689604168884
22.0,70.19999999999987,0.06407344387436148,0.12468179139890509,0.005817655514397235
22.0,70.29999999999987,0.06399274626744843,0.12463951328538492,0.005780369827511985
22.0,70.39999999999986,0.06381044422667162,0.12440539160923218,0.005728753119295018
22.0,70.49999999999986,0.06370879630351206,0.12446604869102106,0.0056615495115071475
22.0,70.59999999999985,0.06348896125891242,0.124309039289736,0.0055764474712869895
22.0,70.69999999999985,0.06313603257175435,0.12390783234411919,0.005472424511105937
22.0,70.79999999999984,0.06282107293609032,0.12372321062387186,0.005346747114467917
22.0,70.89999999999984,0.062312238889026934,0.12317834575031125,0.005195181939521848
22.0,70.99999999999983,0.061535847292728325,0.12212941019671508,0.005009674742364416
22.0,71.09999999999982,0.060555038610426215,0.12081673680575662,0.004780991658360343
22.0,71.19999999999982,0.05888727268850019,0.11811323617620433,0.004501767594714203
22.0,71.29999999999981,0.055910490690256436,0.11268308076140417,0.004177894906234305
22.0,71.3999999999998,0.050646407422745725,0.10215528178003014,0.0038346362419975624
22.0,71.4999999999998,0.04230754915113558,0.08397850362746534,0.0034973883043667832
22.1,68.0,0.05398035515232999,0.10945669785660722,0.003751396500671297
22.1,68.1,0.06338477719317141,0.12906083934313015,0.004164594610015885
22.1,68.19999999999999,0.06800092237471198,0.13771621917853824,0.004580536854991138
22.1,68.29999999999998,0.07019042882322273,0.1412499448895414,0.004952454064236242
22.1,68.39999999999998,0.07168667050566174,0.14362309514842836,0.005254975028207135
22.1,68.49999999999997,0.07252672060555093,0.14469904295769623,0.005496059858012271
22.1,68.59999999999997,0.07294700150940073,0.1449460959108399,0.005693625703118623
22.1,68.69999999999996,0.07352061855166983,0.14572865110926145,0.00585874179794174
22.1,68.79999999999995,0.07384775958639407,0.14599336583359235,0.006001624500196909
22.1,68.89999999999995,0.073961279238702,0.14579840989608106,0.006126816662320159
22.1,68.99999999999994,0.07432237625858615,0.14631008253392144,0.006236813970970394
22.1,69.09999999999994,0.07449631429342046,0.14640586061701016,0.006332838885992011
22.1,69.19999999999993,0.07449262728820868,0.1460984899998725,0.006416720973049855
22.1,69.29999999999993,0.0747553483658161,0.1465252456146272,0.006489567961786908
22.1,69.39999999999992,0.07485125822393898,0.14656142758865445,0.006552406021675045
22.1,69.49999999999991,0.07478571330149905,0.14621257970000376,0.006605714596193038
22.1,69.59999999999991,0.07499532041431431,0.14660811261765733,0.006649281118275508
22.1,69.6999999999999,0.075047506306083,0.1466236847452653,0.006683357241671475
22.1,69.7999999999999,0.07494284852894952,0.1462607021729726,0.006707508698071548
22.1,69.89999999999989,0.07511105557220085,0.1466431782795827,0.006720580941827187
22.1,69.99999999999989,0.07511750863835462,0.14664518368042917,0.0067220151619062935
22.1,70.09999999999988,0.07495794925989312,0.14626413628794996,0.006710650288121028
22.1,70.19999999999987,0.07505836544045677,0.14662046960534195,0.006684788234050142
22.1,70.29999999999987,0.07498156757154929,0.14658484527636412,0.00664351671137266
22.1,70.39999999999986,0.07471996249807267,0.14614923706925506,0.006585466701027062
22.1,70.49999999999986,0.07470045515903007,0.14643189938879794,0.006508866365853576
22.1,70.59999999999985,0.07447957475197067,0.14629095308634993,0.006412557668237492
22.1,70.69999999999985,0.07404175026528181,0.14569999150690677,0.006294557077318334
22.1,70.79999999999984,0.07380792571478796,0.1457583494071125,0.00615006140628025
22.1,70.89999999999984,0.07329737208939668,0.14525390413023645,0.00597531848218586
22.1,70.99999999999983,0.07242870970638884,0.14403334229776044,0.005762051427349539
22.1,71.09999999999982,0.07150073792584824,0.14296168006949944,0.005494569126112676
22.1,71.19999999999982,0.06972066298789405,0.14019015542185087,0.005158073661784087
22.1,71.29999999999981,0.0662857307564065,0.13399708505089397,0.004753271691433749
22.1,71.3999999999998,0.05987152260238865,0.12137062392518966,0.004319905387346548
22.1,71.4999999999998,0.048618013255579226,0.09691763537099807,0.0039000584962637537
22.200000000000003,68.0,0.05806611774552692,0.11696524826564109,0.004157693221004533
22.200000000000003,68.1,0.06804087781043543,0.1375257338152641,0.004658207226798896
22.200000000000003,68.19999999999999,0.07304811087872715,0.1468171235094984,0.005156052489441254
22.200000000000003,68.29999999999998,0.0754588525641369,0.15069045280578391,0.005584729719667939
22.200000000000003,68.39999999999998,0.07707494979579854,0.15318551718384826,0.005921677874002038
22.200000000000003,68.49999999999997,0.07801211929724851,0.15435547405574362,0.006189043016793468
22.200000000000003,68.59999999999997,0.07853020651548394,0.15470503201026414,0.006407282254539047
22.200000000000003,68.69999999999996,0.07917542046533597,0.15552563548233578,0.006592133849630769
22.200000000000003,68.79999999999995,0.0795762526912221,0.15585196430361686,0.006753390885445428
22.200000000000003,68.89999999999995,0.07976471593900859,0.15574093830442484,0.0068954153071201715
22.200000000000003,68.99999999999994,0.08017287508877534,0.1562701414404544,0.007018960442922367
22.200000000000003,69.09999999999994,0.08039337702043542,0.15640274620844477,0.007127028010580363
22.200000000000003,69.19999999999993,0.08043678398173047,0.15615220373274732,0.007221920545706328
22.200000000000003,69.29999999999993,0.08071801822027269,0.1565698703202239,0.007304182905391615
22.200000000000003,69.39999999999992,0.08083800706552204,0.15662051007408517,0.007375415139760769
22.200000000000003,69.49999999999991,0.08080381242261747,0.156311753729163,0.007436325795928344
22.200000000000003,69.59999999999991,0.08102075659881736,0.15668682535367429,0.007486533519369802
22.200000000000003,69.6999999999999,0.08108946593593613,0.15671015039156472,0.007526628128356819
22.200000000000003,69.7999999999999,0.0810105581277352,0.15638358408906705,0.007556075513207939
22.200000000000003,69.89999999999989,0.0811803157891598,0.15674285038451988,0.007573187982450163
22.200000000000003,69.99999999999989,0.08119556987224191,0.15674923669070356,0.0075774017667958925
22.200000000000003,70.09999999999988,0.08105041115058911,0.15639897006281508,0.007567171697088518
22.200000000000003,70.19999999999987,0.08113588230818479,0.15672250937272544,0.007540070674394023
22.200000000000003,70.29999999999987,0.08104569969835308,0.15667695059873432,0.0074951012705952915
22.200000000000003,70.39999999999986,0.08077041285970876,0.15625233008556683,0.0074305504804306486
22.200000000000003,70.49999999999986,0.0807024509181808,0.15647695447538998,0.007344085307913956
22.200000000000003,70.59999999999985,0.08043059460311408,0.1562961292674861,0.0072347625077316645
22.200000000000003,70.69999999999985,0.07993534127845456,0.15568295171048677,0.007100664338276137
22.200000000000003,70.79999999999984,0.0796105884986155,0.15564945811052955,0.006938381037608148
22.200000000000003,70.89999999999984,0.07900544429089741,0.15507040937719627,0.00674062188949699
22.200000000000003,70.99999999999983,0.07803692906550137,0.15378652608694754,0.006501135606282459
22.200000000000003,71.09999999999982,0.07696951918584853,0.15255552368089098,0.0062027484702739475
22.200000000000003,71.19999999999982,0.0750083816700986,0.14956120840244513,0.005820187975526915
22.200000000000003,71.29999999999981,0.07127961654923845,0.14290797766877536,0.0053455825326579305
22.200000000000003,71.3999999999998,0.06436115763782274,0.1294345586434559,0.004821935381690195
22.200000000000003,71.4999999999998,0.052474498534757,0.10393863021800424,0.004314080679038525
22.300000000000004,68.0,0.06026115329754367,0.12037749616426842,0.004540360105067788
22.300000000000004,68.1,0.0702341073865415,0.1407204749107719,0.005112227938043471
22.300000000000004,68.19999999999999,0.07544496478530885,0.15031894065627047,0.005667478354357923
22.300000000000004,68.29999999999998,0.0781043948549612,0.15456067060454412,0.006131831116955851
22.300000000000004,68.39999999999998,0.07985808965291835,0.15716765544375372,0.006495776562161156
22.300000000000004,68.49999999999997,0.080955826596851,0.1585265029922848,0.006787764378778651
22.300000000000004,68.59999999999997,0.08166727089387606,0.1591563725529843,0.0070320230832248655
22.300000000000004,68.69999999999996,0.08241528606795603,0.16003950835050418,0.0072410130300248655
22.300000000000004,68.79999999999995,0.08295142191295102,0.16051954949460498,0.00742546498329466
22.300000000000004,68.89999999999995,0.08330231462278999,0.1606467477442406,0.007588811436796139
22.300000000000004,68.99999999999994,0.08377119233483528,0.16118176877555135,0.007731619942505087
22.300000000000004,69.09999999999994,0.08407619551984481,0.16139919573310468,0.007855407021546768
22.300000000000004,69.19999999999993,0.08422917383685666,0.16131512022083302,0.007963757401153654
22.300000000000004,69.29999999999993,0.0845257803199734,0.16167301107065105,0.008057513452704222
22.300000000000004,69.39999999999992,0.08469135705649168,0.16175551256846715,0.008138856779132878
22.300000000000004,69.49999999999991,0.08473610841385007,0.16157513690857692,0.008208882885864091
22.300000000000004,69.59999999999991,0.08494760099065304,0.1618658703911857,0.00826738266827276
22.300000000000004,69.6999999999999,0.08504779795822771,0.16190717340124214,0.008315096777679425
22.300000000000004,69.7999999999999,0.08503712802930519,0.1617017224929599,0.008351358884025174
22.300000000000004,69.89999999999989,0.08519060247832982,0.16197130706544619,0.008374108868314585
22.300000000000004,69.99999999999989,0.08522255839226069,0.161988493928222,0.008382391694431954
22.300000000000004,70.09999999999988,0.08512390530792717,0.16174661503283452,0.008374105081104366
22.300000000000004,70.19999999999987,0.08516191521438868,0.16195863437767172,0.008346154029193285
22.300000000000004,70.29999999999987,0.08504643490850447,0.16189070225273083,0.008297013166466255
22.300000000000004,70.39999999999986,0.0847644644443743,0.16152799837454923,0.008224456941437473
22.300000000000004,70.49999999999986,0.08458466192420659,0.16158036253557412,0.00812568882515764
22.300000000000004,70.59999999999985,0.08421444866627557,0.16130312268099198,0.007999699349214696
22.300000000000004,70.69999999999985,0.0836384591335993,0.16066777658563391,0.007844757381964567
22.300000000000004,70.79999999999984,0.08312580780798345,0.16037360733258246,0.00765736286264938
22.300000000000004,70.89999999999984,0.08235478903153644,0.15961245799878743,0.007431551307375066
22.300000000000004,70.99999999999983,0.08124799207887133,0.1582280812121186,0.007162499353124384
22.300000000000004,71.09999999999982,0.07994010604648304,0.15665693752532883,0.0068325060663600445
22.300000000000004,71.19999999999982,0.07775213465462259,0.15338309790820925,0.00641468365293456
22.300000000000004,71.29999999999981,0.07383281193410712,0.14654551291792706,0.005890618763739361
22.300000000000004,71.3999999999998,0.06668484352200103,0.13272347761813838,0.0052973478383396815
22.300000000000004,71.4999999999998,0.05492105386602256,0.10776010953256228,0.004713960314704868
22.400000000000006,68.0,0.061945726376176555,0.12283934713835372,0.004882755876364854
22.400000000000006,68.1,0.07207256144066847,0.14342606970935876,0.00550659243386197
22.400000000000006,68.19999999999999,0.07741013268735984,0.15313863436566158,0.006102504777389548
22.400000000000006,68.29999999999998,0.080229197196389,0.15751491719504646,0.006598659004415326
22.400000000000006,68.39999999999998,0.08221105608273098,0.16045529210513176,0.006995759973361669
22.400000000000006,68.49999999999997,0.08353462252691264,0.16209434964331768,0.007320327938053344
22.400000000000006,68.59999999999997,0.08445924377145422,0.1629503109171189,0.007601890544559456
22.400000000000006,68.69999999999996,0.0854756595144914,0.1642107345522357,0.007847898203882486
22.400000000000006,68.79999999999995,0.08623681683288144,0.16496749523916648,0.008065921645596528
22.400000000000006,68.89999999999995,0.08675922784462956,0.16526935397915396,0.008259531925860177
22.400000000000006,68.99999999999994,0.08741844620826418,0.16606309981762885,0.008428949338567032
22.400000000000006,69.09999999999994,0.08785348338661107,0.16642461975619788,0.008575646551533983
22.400000000000006,69.19999999999993,0.08808199149875126,0.16637901181496986,0.008701670985568457
22.400000000000006,69.29999999999993,0.08848204235056137,0.1668710283146168,0.00881013205826258
22.400000000000006,69.39999999999992,0.08871086104555381,0.16700334134856767,0.008904283440759154
22.400000000000006,69.49999999999991,0.0887854741893099,0.16679854237922953,0.008985928424085434
22.400000000000006,69.59999999999991,0.08907007507601478,0.1671849369948863,0.009055141050395354
22.400000000000006,69.6999999999999,0.08921543678610606,0.16725784867921092,0.009112979734761543
22.400000000000006,69.7999999999999,0.08922467946031432,0.16702157553162347,0.00915860984769166
22.400000000000006,69.89999999999989,0.08943845456235376,0.16738228348219847,0.009189367155543148
22.400000000000006,69.99999999999989,0.08949944782721125,0.16742297252332178,0.009203776663558668
22.400000000000006,70.09999999999988,0.08939367686683922,0.16713187993626819,0.009198899355327845
22.400000000000006,70.19999999999987,0.08944967863672328,0.16739968975133074,0.00917056774432886
22.400000000000006,70.29999999999987,0.08930378729460803,0.16729967738122598,0.009116490743006307
22.400000000000006,70.39999999999986,0.08893563505999331,0.16680731215365105,0.009033597035304142
22.400000000000006,70.49999999999986,0.0886745909717332,0.16680969947201058,0.008918228287248805
22.400000000000006,70.59999999999985,0.0881550934701477,0.16636773176918815,0.008769142673706272
22.400000000000006,70.69999999999985,0.08735932881822041,0.16544660914574488,0.008584697593504517
22.400000000000006,70.79999999999984,0.08663611909272502,0.16494448788781477,0.00835976854864276
22.400000000000006,70.89999999999984,0.08559771283827868,0.16386982071698397,0.008094040829705192
22.400000000000006,70.99999999999983,0.08417930288616135,0.1620692933875202,0.007783508302502223
22.400000000000006,71.09999999999982,0.08261968995803289,0.16023420837076197,0.007409761995209871
22.400000000000006,71.19999999999982,0.08018482359442268,0.15664993992559276,0.006953162300339803
22.400000000000006,71.29999999999981,0.07600848374291931,0.14949931981259645,0.006384602639726681
22.400000000000006,71.3999999999998,0.06876331129353389,0.135653565410868,0.005735805228373574
22.400000000000006,71.4999999999998,0.05685619434783748,0.11045344948699327,0.005090607328681124
22.500000000000007,68.0,0.0632309826338947,0.12440830149225805,0.00519604337855843
22.500000000000007,68.1,0.07337426483854446,0.14492149411563723,0.005864842937073599
22.500000000000007,68.19999999999999,0.07887831596412584,0.15480098057091504,0.00650074188809971
22.500000000000007,68.29999999999998,0.08193969650789507,0.15949924326638057,0.007036742388816482
22.500000000000007,68.39999999999998,0.0842282452087514,0.16284116566321033,0.007475843684419136
22.500000000000007,68.49999999999997,0.08591487193450137,0.16496893883165867,0.007852730118958585
22.500000000000007,68.59999999999997,0.08724123764830799,0.16638312648424797,0.008186938572357697
22.500000000000007,68.69999999999996,0.08865311717571316,0.16818811326417363,0.008489381306991254
22.500000000000007,68.79999999999995,0.08977822752891089,0.1694801732796924,0.008757302867229673
22.500000000000007,68.89999999999995,0.09061657065224137,0.17025115881262068,0.008994036632638695
22.500000000000007,68.99999999999994,0.09151132255009625,0.17137414150396443,0.009198962522155789
22.500000000000007,69.09999999999994,0.09212929439331594,0.17198164334520452,0.009374938235442332
22.500000000000007,69.19999999999993,0.09250043079709042,0.17212056792781164,0.009524016515309361
22.500000000000007,69.29999999999993,0.09299119840440677,0.17270239792168401,0.009650419617983982
22.500000000000007,69.39999999999992,0.09329870123862703,0.17291010804794305,0.0097599607603568
22.500000000000007,69.49999999999991,0.09345065624158405,0.17278433126762474,0.009855646682135642
22.500000000000007,69.59999999999991,0.09379207673265567,0.17320436488019306,0.00993839211034947
22.500000000000007,69.6999999999999,0.09400377403075456,0.17333216042557092,0.010009435379258037
22.500000000000007,69.7999999999999,0.09408633811249052,0.17317400128691668,0.01006770509440844
22.500000000000007,69.89999999999989,0.09435340471456184,0.1735702850190196,0.01011000339965631
22.500000000000007,69.99999999999989,0.09446485143434437,0.1736598533615067,0.010133719970213216
22.500000000000007,70.09999999999988,0.09439860328845477,0.1734216535189785,0.010134658720690207
22.500000000000007,70.19999999999987,0.09444966593684993,0.17366975603836776,0.010107409852186252
22.500000000000007,70.29999999999987,0.0942679474094995,0.17352726174128183,0.010048137784952912
22.500000000000007,70.39999999999986,0.09382279618410448,0.17295236216812543,0.009952420560767844
22.500000000000007,70.49999999999986,0.09341012208631701,0.17274959648570853,0.009815461704182425
22.500000000000007,70.59999999999985,0.09267852549180523,0.1720237002618654,0.009634966077544676
22.500000000000007,70.69999999999985,0.09160357409514304,0.17072392738909853,0.00940858283625859
22.500000000000007,70.79999999999984,0.0905104604026957,0.16969316261264972,0.00913100129022272
22.500000000000007,70.89999999999984,0.08905524658312348,0.16802653921498367,0.008806851552363689
22.500000000000007,70.99999999999983,0.0871833678697734,0.16563227600243893,0.00843356592716314
22.500000000000007,71.09999999999982,0.08516991071151608,0.1631917863534297,0.00799812869524781
22.500000000000007,71.19999999999982,0.08233951713914218,0.15908618291285512,0.007483939749526282
22.500000000000007,71.29999999999981,0.0778719241667432,0.15156473429571443,0.00686394213350358
22.500000000000007,71.3999999999998,0.07046171838043883,0.13757545274090843,0.0061578291326837
22.500000000000007,71.4999999999998,0.05859407367861822,0.1126280248366817,0.005452996324242931
22.60000000000001,68.0,0.06436748354132023,0.12558757987440705,0.005496072721902631
22.60000000000001,68.1,0.07445029712468147,0.1457941986894071,0.0062141514966155284
22.60000000000001,68.19999999999999,0.08020702804076277,0.15598169052731864,0.006898444214737603
22.60000000000001,68.29999999999998,0.08366540648947945,0.16129855450745445,0.007485223285592239
22.60000000000001,68.39999999999998,0.08640356397634359,0.16524930561889428,0.007987924199460065
22.60000000000001,68.49999999999997,0.08868234110045393,0.16825721849517217,0.008440112935703717
22.60000000000001,68.59999999999997,0.09069160679491818,0.170807032993674,0.008855073403129568
22.60000000000001,68.69999999999996,0.09272702159264762,0.17361050314079463,0.009238409300027672
22.60000000000001,68.79999999999995,0.09446774681815581,0.17590396002392258,0.009582748043828065
22.60000000000001,68.89999999999995,0.0958480296793721,0.1775731518139984,0.009881079751808054
22.60000000000001,68.99999999999994,0.09708388501906948,0.1791824838408197,0.010133991216231472
22.60000000000001,69.09999999999994,0.09796271915702962,0.18016817505798466,0.010345516965539923
22.60000000000001,69.19999999999993,0.09854465060855414,0.18063162063143556,0.010521129166613736
22.60000000000001,69.29999999999993,0.09911560928458056,0.18126481891611088,0.010667931197435566
22.60000000000001,69.39999999999992,0.09951192540919471,0.18156701729218508,0.010794702270925684
22.60000000000001,69.49999999999991,0.09977815470588938,0.1816079224755843,0.010906400739025506
22.60000000000001,69.59999999999991,0.10016459520780237,0.1820084691211738,0.011005637238052146
22.60000000000001,69.6999999999999,0.10046209839968182,0.1822172658059491,0.011093551282123193
22.60000000000001,69.7999999999999,0.10067035418633066,0.1822438754361088,0.01116873352750701
22.60000000000001,69.89999999999989,0.10099304942344253,0.18264213140202104,0.011227586816751364
22.60000000000001,69.99999999999989,0.10118511025265609,0.18282050252610743,0.011265411743288196
22.60000000000001,70.09999999999988,0.10121221442680581,0.18274237071205343,0.011276134968873888
22.60000000000001,70.19999999999987,0.10125077809625344,0.18292127357732835,0.011252905297965129
22.60000000000001,70.29999999999987,0.10104006304212752,0.1827396171787787,0.011189202742648502
22.60000000000001,70.39999999999986,0.10053285062259061,0.18212888402516694,0.011078529564836855
22.60000000000001,70.49999999999986,0.09989977171712335,0.1815726474713268,0.010914537133757521
22.60000000000001,70.59999999999985,0.09887258080081109,0.18040401492484734,0.010692319941339826
22.60000000000001,70.69999999999985,0.0973900663060525,0.178534681308415,0.010407903012361254
22.60000000000001,70.79999999999984,0.09567380221955155,0.1765121227649118,0.010056082547082705
22.60000000000001,70.89999999999984,0.09351483614999577,0.1737499098108122,0.009645120871748836
22.60000000000001,70.99999999999983,0.09094322258226696,0.17027081338766523,0.00917682368509367
22.60000000000001,71.09999999999982,0.08817813023618801,0.16663318477347647,0.008651707185230579
22.60000000000001,71.19999999999982,0.08470863435911112,0.16160987434887747,0.008054258383472035
22.60000000000001,71.29999999999981,0.07980880119224136,0.1535005841732819,0.007361954086453576
22.60000000000001,71.3999999999998,0.07209668419096438,0.13912606719790332,0.006587305029351001
22.60000000000001,71.4999999999998,0.06035853112162891,0.11479115717475372,0.005817404687479076
22.70000000000001,68.0,0.06583134849635496,0.12752471864577145,0.005796783388857616
22.70000000000001,68.1,0.07616445005567686,0.14812582848120293,0.006570291780289288
22.70000000000001,68.19999999999999,0.0822555071090225,0.15874904983084076,0.007315032105656948
22.70000000000001,68.29999999999998,0.08622318332127904,0.164786435159633,0.007974679240677697
22.70000000000001,68.39999999999998,0.08972440553609108,0.16993128387488232,0.008569516873853867
22.70000000000001,68.49999999999997,0.09292224013742778,0.1745062532511799,0.009129549843666042
22.70000000000001,68.59999999999997,0.09603299104802158,0.17892795859153676,0.009671659723799297
22.70000000000001,68.69999999999996,0.09926899380282905,0.18381971559923818,0.010183059509239758
22.70000000000001,68.79999999999995,0.1020338093677218,0.18788841941219853,0.010642906157460092
22.70000000000001,68.89999999999995,0.10417128539123802,0.1908306754995843,0.011031627153853831
22.70000000000001,68.99999999999994,0.10593664756114268,0.19332112329011591,0.011348759689962433
22.70000000000001,69.09999999999994,0.10712455642363701,0.19478240830383917,0.011602753858635873
22.70000000000001,69.19999999999993,0.10787082486723049,0.19545774506174596,0.011805384159256646
22.70000000000001,69.29999999999993,0.10857685598864096,0.196263086948834,0.011973332236900707
22.70000000000001,69.39999999999992,0.10906038900649571,0.19664607186390407,0.012117976059592013
22.70000000000001,69.49999999999991,0.10938847422854837,0.1967182451071745,0.01224724031155288
22.70000000000001,69.59999999999991,0.10987652904551697,0.19724340239375515,0.012365857068639664
22.70000000000001,69.6999999999999,0.11027805754845221,0.19756140267675695,0.012475193578266609
22.70000000000001,69.7999999999999,0.11059164454154354,0.19768047289311325,0.012573331454478236
22.70000000000001,69.89999999999989,0.11105784496355106,0.1982687918698015,0.01265574791918976
22.70000000000001,69.99999999999989,0.111372635829105,0.1985938025147929,0.012714931641882013
22.70000000000001,70.09999999999988,0.11148471023121344,0.19859765950838024,0.012742020317112423
22.70000000000001,70.19999999999987,0.11159314785709087,0.1988834754817602,0.012727651739380499
22.70000000000001,70.29999999999987,0.111373737211676,0.1986856849819855,0.01266181564757204
22.70000000000001,70.39999999999986,0.1107554512926737,0.19789619725952765,0.012534998736762698
22.70000000000001,70.49999999999986,0.10992089420822494,0.19706211001244456,0.012337963463909852
22.70000000000001,70.59999999999985,0.1085036888866348,0.1953203361791828,0.012061235160630865
22.70000000000001,70.69999999999985,0.1063882245587498,0.19245342029317034,0.011697050817781112
22.70000000000001,70.79999999999984,0.10380693341108505,0.18903010994989883,0.011237579440789357
22.70000000000001,70.89999999999984,0.10051945591936431,0.1843686614315408,0.010692718538053092
22.70000000000001,70.99999999999983,0.09665972648949403,0.1786871557748345,0.010078605633832545
22.70000000000001,71.09999999999982,0.09270701469290998,0.17307687644206607,0.009414711085197078
22.70000000000001,71.19999999999982,0.08826082405910436,0.16646791191592802,0.008695583781479287
22.70000000000001,71.29999999999981,0.08259028555303069,0.15718537961485074,0.00790250257477545
22.70000000000001,71.3999999999998,0.07445474101606968,0.14229320831330042,0.007040469032550689
22.70000000000001,71.4999999999998,0.06238592217890308,0.11749660689116655,0.00619272944199093
22.80000000000001,68.0,0.06736434860392819,0.12954930558706107,0.006104886941158678
22.80000000000001,68.1,0.07795828578437743,0.15041568860537163,0.006948106421504713
22.80000000000001,68.19999999999999,0.084566617308856,0.16184312933366737,0.007771535692298623
22.80000000000001,68.29999999999998,0.08935419333555193,0.1691584323792579,0.00852973765876929
22.80000000000001,68.39999999999998,0.09396233700752865,0.17623419450992314,0.009249959232868673
22.80000000000001,68.49999999999997,0.09873724258890781,0.18357325516087072,0.009975530349813988
22.80000000000001,68.59999999999997,0.1038216852291677,0.1915918818975637,0.010719072511336813
22.80000000000001,68.69999999999996,0.10924015740260223,0.2005209013151435,0.011447901465697746
22.80000000000001,68.79999999999995,0.11386181054869567,0.20798805162822592,0.012095734785096903
22.80000000000001,68.89999999999995,0.11724041940498738,0.21313487558250557,0.01262003420206422
22.80000000000001,68.99999999999994,0.11968038783958325,0.21674939555664333,0.013018355450502606
22.80000000000001,69.09999999999994,0.12119382111041525,0.2187250308744607,0.013316282346413142
22.80000000000001,69.19999999999993,0.1220906411142481,0.21964517888936558,0.013546274738067422
22.80000000000001,69.29999999999993,0.12284463327245004,0.22049269693034756,0.01373309964654143
22.80000000000001,69.39999999999992,0.12336824769763578,0.22091003560856712,0.013893908152799722
22.80000000000001,69.49999999999991,0.1237649152392451,0.22106031663101391,0.014040815948228298
22.80000000000001,69.59999999999991,0.12432324062465981,0.2216213024922506,0.014181566570950791
22.80000000000001,69.6999999999999,0.12484761109106803,0.22206619814853734,0.014316248995074388
22.80000000000001,69.7999999999999,0.12532269315468472,0.22237503337200193,0.014443320361312163
22.80000000000001,69.89999999999989,0.12595975243975835,0.22313654029525612,0.0145583072377092
22.80000000000001,69.99999999999989,0.12645203505807465,0.22365435549003768,0.0146483294712149
22.80000000000001,70.09999999999988,0.12673486295552067,0.22387996016842868,0.014701124934362497
22.80000000000001,70.19999999999987,0.1269360499488372,0.22425113671205857,0.01470372674663391
22.80000000000001,70.29999999999987,0.12674496242289338,0.22409549000398235,0.014641332147716828
22.80000000000001,70.39999999999986,0.12606040470554428,0.2232618561590552,0.014500541285309839
22.80000000000001,70.49999999999986,0.12498655924795694,0.2220918677107686,0.014268615186739043
22.80000000000001,70.59999999999985,0.12313094906933326,0.2196865587595648,0.013924726473624607
22.80000000000001,70.69999999999985,0.12023258169459737,0.21553032126662794,0.013450369241629716
22.80000000000001,70.79999999999984,0.11626504750648084,0.20974347002654398,0.012833553789471359
22.80000000000001,70.89999999999984,0.11099170806620698,0.20154965879298276,0.012071005288471711
22.80000000000001,70.99999999999983,0.10483415486363035,0.19167474044835492,0.011217630101726632
22.80000000000001,71.09999999999982,0.09879081086587588,0.18230817459043824,0.010331219862902079
22.80000000000001,71.19999999999982,0.09268248396417493,0.17280611931346423,0.009432915213965271
22.80000000000001,71.29999999999981,0.08587836441075151,0.16167310480435593,0.008499495052592548
22.80000000000001,71.3999999999998,0.07703578101517826,0.14572657953731163,0.0075228775268802155
22.80000000000001,71.4999999999998,0.06465099912276502,0.12065154824362839,0.0065808703961071965
22.900000000000013,68.0,0.06903747067034799,0.13181209056017437,0.006422427887229068
22.900000000000013,68.1,0.07994746614375743,0.152956088390428,0.007348164147909598
22.900000000000013,68.19999999999999,0.08732960175012776,0.165668640922121,0.008273587494453269
22.900000000000013,68.29999999999998,0.09330015809415462,0.17506993643661503,0.009161072304472212
22.900000000000013,68.39999999999998,0.0995688162738619,0.18504930467323605,0.010056801727085587
22.900000000000013,68.49999999999997,0.1067731740734881,0.19688950774460554,0.011023559312586573
22.900000000000013,68.59999999999997,0.11548472828923667,0.21182304146482864,0.012096697958369719
22.900000000000013,68.69999999999996,0.12529288102557914,0.22920280183162264,0.01322269248818829
22.900000000000013,68.79999999999995,0.1335792209580834,0.2435992278238229,0.01421535064674477
22.900000000000013,68.89999999999995,0.1387028961171068,0.251898318802956,0.01492933492455432
22.900000000000013,68.99999999999994,0.1418875391884911,0.25672916148666886,0.015427752435596687
22.900000000000013,69.09999999999994,0.14357010696964045,0.25888404886137645,0.015765768594435035
22.900000000000013,69.19999999999993,0.14457775026141745,0.2599683515553124,0.016013364184629734
22.900000000000013,69.29999999999993,0.14527875577144608,0.26064763354515125,0.016208738522680035
22.900000000000013,69.39999999999992,0.14577739569568288,0.2609842507666348,0.016378010357177737
22.900000000000013,69.49999999999991,0.14625040894537342,0.2612659973898764,0.016540402046053393
22.900000000000013,69.59999999999991,0.14679135185586914,0.2616618453589662,0.016700656188665355
22.900000000000013,69.6999999999999,0.147501277142011,0.2623399032123024,0.01687189177116963
22.900000000000013,69.7999999999999,0.14811978948354468,0.26273399770472877,0.017036339073536345
22.900000000000013,69.89999999999989,0.1490174202806492,0.26380182954008013,0.017203485093243095
22.900000000000013,69.99999999999989,0.14968731603695223,0.26444438673380727,0.017337998472839036
22.900000000000013,70.09999999999988,0.1502675721855367,0.26510265972568164,0.01743453619333648
22.900000000000013,70.19999999999987,0.1505747131007909,0.2655196538164788,0.01746407376646506
22.900000000000013,70.29999999999987,0.15047774796815613,0.26549109661422493,0.01741317570845591
22.900000000000013,70.39999999999986,0.14981316765610558,0.2647491363772516,0.017260185940432056
22.900000000000013,70.49999999999986,0.14851637976664556,0.263267961676257,0.01698622174493791
22.900000000000013,70.59999999999985,0.1462727300884794,0.2604785836267751,0.016569830905662258
22.900000000000013,70.69999999999985,0.1423870831480361,0.2549055215292469,0.015957853898321984
22.900000000000013,70.79999999999984,0.13650432345759891,0.2458485427122436,0.015104282888598119
22.900000000000013,70.89999999999984,0.12747869189153907,0.2305908778444298,0.013969856458783906
22.900000000000013,70.99999999999983,0.11680403156476833,0.2121046728387381,0.012687147680493446
22.900000000000013,71.09999999999982,0.10696177058541095,0.19552821183840421,0.011438675047252975
22.900000000000013,71.19999999999982,0.0982776196549726,0.18132531398620597,0.010274350684875406
22.900000000000013,71.29999999999981,0.08980290875059287,0.1672772436837027,0.009151316555276923
22.900000000000013,71.3999999999998,0.07991048139790664,0.1496157297736345,0.008033075377962265
22.900000000000013,71.4999999999998,0.06713967364861222,0.12427075710860445,0.006980766744987317
23.000000000000014,68.0,0.07116486045859405,0.1351485724364041,0.006744547682317152
23.000000000000014,68.1,0.08279959728457535,0.15752377961188485,0.007772768062607273
23.000000000000014,68.19999999999999,0.09128444929426746,0.17209234768456802,0.008827862802215933
23.000000000000014,68.29999999999998,0.09887411348013447,0.18436760208121783,0.009886562916452795
23.000000000000014,68.39999999999998,0.10738432914065266,0.19846296480791906,0.011008438683722937
23.000000000000014,68.49999999999997,0.11791371461338232,0.21651073784337133,0.012292530041757161
23.000000000000014,68.59999999999997,0.1324912331139474,0.24284921214676738,0.013874971489739998
23.000000000000014,68.69999999999996,0.15185488538267125,0.27922000910622913,0.015779528683230955
23.000000000000014,68.79999999999995,0.16793422982372894,0.30880113173002327,0.017452178628819873
23.000000000000014,68.89999999999995,0.17400107936664666,0.3180773438482254,0.01836260213490131
23.000000000000014,68.99999999999994,0.17856747121520633,0.32553023185889374,0.01899753698177619
23.000000000000014,69.09999999999994,0.17943677663548832,0.3258312634271406,0.019311682150128642
23.000000000000014,69.19999999999993,0.1807757279374337,0.3276959546112478,0.01958480081731868
23.000000000000014,69.29999999999993,0.1811868709008723,0.32783473535405744,0.019769065365656837
23.000000000000014,69.39999999999992,0.18142129692001147,0.327679386119823,0.019930700986948394
23.000000000000014,69.49999999999991,0.18229657300913382,0.3289079546487219,0.020129661016098838
23.000000000000014,69.59999999999991,0.1821250723292561,0.32766930833557956,0.02027276138252149
23.000000000000014,69.6999999999999,0.18380511014456452,0.33039660438589463,0.020534781361465925
23.000000000000014,69.7999999999999,0.18359988745346872,0.32867411110813477,0.020696024665221056
23.000000000000014,69.89999999999989,0.18574670282943104,0.3321844660657012,0.0209893588593679
23.000000000000014,69.99999999999989,0.18584509787051776,0.3311067328835026,0.021143495939803345
23.000000000000014,70.09999999999988,0.18740472321637727,0.33358605699167776,0.021345182331935122
23.000000000000014,70.19999999999987,0.18750436736976123,0.33322452774288774,0.021395338412027096
23.000000000000014,70.29999999999987,0.18769094048544385,0.33367920868547835,0.021374422747729504
23.000000000000014,70.39999999999986,0.18721778635314937,0.33338973684983847,0.02122363636011468
23.000000000000014,70.49999999999986,0.1854158429543605,0.3309847501655203,0.02088568072991965
23.000000000000014,70.59999999999985,0.18368237065548915,0.3297290089589755,0.020432792512837635
23.000000000000014,70.69999999999985,0.17820393450758268,0.3213693367079319,0.019620047968159228
23.000000000000014,70.79999999999984,0.17108511399798704,0.3110367152330889,0.018507604311264768
23.000000000000014,70.89999999999984,0.15422353765132304,0.28065188737717106,0.01664763108367718
23.000000000000014,70.99999999999983,0.13391789118732028,0.2430091849852017,0.01454509239328992
23.000000000000014,71.09999999999982,0.11785377413037906,0.21438215203328057,0.012736107511649618
23.000000000000014,71.19999999999982,0.10552482089059427,0.19337489114465667,0.011212000265231208
23.000000000000014,71.29999999999981,0.09478837726281385,0.17527579782273445,0.009848504202130497
23.000000000000014,71.3999999999998,0.08354442575393287,0.15535009141901862,0.008559589302162307
23.000000000000014,71.4999999999998,0.0698779267496034,0.1285376059903544,0.007377553233552674
23.100000000000016,68.0,0.07335689469755398,0.13865399545658155,0.007059843492760256
23.100000000000016,68.1,0.0859101917408504,0.16262799087289007,0.008208911370426009
23.100000000000016,68.19999999999999,0.09605975097970637,0.1802428115225563,0.009439385115057035
23.100000000000016,68.29999999999998,0.10614545518146788,0.19719240081219236,0.010734105404836292
23.100000000000016,68.39999999999998,0.1177147828081699,0.21698649646612095,0.012146625879928695
23.100000000000016,68.49999999999997,0.1315963474589565,0.24122237693378062,0.01376081254749552
23.100000000000016,68.59999999999997,0.1520274285450232,0.27883989821319705,0.015862842258667853
23.100000000000016,68.69999999999996,0.1862488001544989,0.34506549408162707,0.018894810328131117
23.100000000000016,68.79999999999995,0.21770217989111149,0.4053705631967336,0.021766611416389477
23.100000000000016,68.89999999999995,0.2178055461741299,0.40096993098637296,0.02248370200547504
23.100000000000016,68.99999999999994,0.22802343783171788,0.4203709307719049,0.0234863199372263
23.100000000000016,69.09999999999994,0.22395264700631592,0.41018142849365463,0.02351689498540174
23.100000000000016,69.19999999999993,0.22792938207558,0.41789672050815724,0.02394186544285217
23.100000000000016,69.29999999999993,0.22719117789654303,0.41572327988119917,0.024061066317448566
23.100000000000016,69.39999999999992,0.22630402187942267,0.41329296189745296,0.0241618695580222
23.100000000000016,69.49999999999991,0.2300185999681907,0.4207107548940391,0.024540209345798692
23.100000000000016,69.59999999999991,0.2254214729607935,0.4098164966907747,0.024456851867488787
23.100000000000016,69.6999999999999,0.2328276958573113,0.4247445081402655,0.02510283620580974
23.100000000000016,69.7999999999999,0.22673702970828336,0.40980530602473036,0.024985908125952774
23.100000000000016,69.89999999999989,0.235446927493501,0.4270099711177931,0.025758258859205335
23.100000000000016,69.99999999999989,0.23055315713883834,0.4143667845863058,0.025704069128868003
23.100000000000016,70.09999999999988,0.23687947125182718,0.42662704255143175,0.026273036600284936
23.100000000000016,70.19999999999987,0.23457922258165773,0.4205376205950135,0.02623671753075076
23.100000000000016,70.29999999999987,0.23583079746400984,0.4230980550318525,0.026302433491880602
23.100000000000016,70.39999999999986,0.2363740504520094,0.4250555863814543,0.026203257482921294
23.100000000000016,70.49999999999986,0.2317347715302648,0.4167570677678161,0.02564724580125378
23.100000000000016,70.59999999999985,0.23416206401409856,0.42513914193519214,0.02536018121890885
23.100000000000016,70.69999999999985,0.22292999684344214,0.40499382546490187,0.024078222329112425
23.100000000000016,70.79999999999984,0.2209793068051826,0.4074798436697073,0.02303761912650611
23.100000000000016,70.89999999999984,0.18875020471359946,0.34645852667988164,0.019912917132364344
23.100000000000016,70.99999999999983,0.15336917760059407,0.2785569251916351,0.01660323785020211
23.100000000000016,71.09999999999982,0.1303537445209862,0.23651964468286168,0.014155033768952023
23.100000000000016,71.19999999999982,0.1138788023481769,0.2077929864820457,0.012220166580494712
23.100000000000016,71.29999999999981,0.10031663820177944,0.18448942076364047,0.010569600646193906
23.100000000000016,71.3999999999998,0.08728458228600629,0.16137927870891472,0.009076934868850872
23.100000000000016,71.4999999999998,0.07263988162415143,0.1329881980953776,0.007756149567148633
23.200000000000017,68.0,0.07539294207433846,0.1419956200232808,0.007341899419410249
23.200000000000017,68.1,0.0890821566654163,0.1679250005839674,0.008628426156398934
23.200000000000017,68.19999999999999,0.10169840519151353,0.19030524454771247,0.010080679923144594
23.200000000000017,68.29999999999998,0.11620031267317636,0.21599621112288295,0.011742159594163876
23.200000000000017,68.39999999999998,0.13346153691991922,0.2470094509627578,0.01362523481621656
23.200000000000017,68.49999999999997,0.15029384796948764,0.2765613952872516,0.01555106234071591
23.200000000000017,68.59999999999997,0.16859913734420853,0.30882807478219787,0.017618139380550544
23.200000000000017,68.69999999999996,0.19979837778926748,0.367986809485142,0.020547580359313592
23.200000000000017,68.79999999999995,0.22912750373651689,0.4235493826451882,0.023319038698189333
23.200000000000017,68.89999999999995,0.22859094884252343,0.4181790096260799,0.023929806011244996
23.200000000000017,68.99999999999994,0.23849473224617318,0.43681446309025823,0.02492375179500989
23.200000000000017,69.09999999999994,0.2346916780405024,0.42731179629586274,0.024952715748521762
23.200000000000017,69.19999999999993,0.237993979546237,0.4336380009850711,0.025336101055244847
23.200000000000017,69.29999999999993,0.23782880182805508,0.4325962561176028,0.02550786219071672
23.200000000000017,69.39999999999992,0.2368632073670545,0.42994623295454565,0.025614174830431356
23.200000000000017,69.49999999999991,0.24030408471396328,0.4365702888451284,0.026011474417864798
23.200000000000017,69.59999999999991,0.23686391836153653,0.4277313091749483,0.02604896331646885
23.200000000000017,69.6999999999999,0.24413859010745298,0.44163719008005137,0.026773425188034737
23.200000000000017,69.7999999999999,0.2396950508023101,0.42927243873828536,0.02685832222365098
23.200000000000017,69.89999999999989,0.249937132923967,0.44832552646341706,0.02790437323809602
23.200000000000017,69.99999999999989,0.2470617522563983,0.4385891669901232,0.028109452206779247
23.200000000000017,70.09999999999988,0.25474416598396865,0.45265009950261464,0.028932344117705202
23.200000000000017,70.19999999999987,0.25395638742441723,0.44897354260874545,0.029075549940664826
23.200000000000017,70.29999999999987,0.25498686253526587,0.45081508695655426,0.029158526066354218
23.200000000000017,70.39999999999986,0.255543048230043,0.4529720845584586,0.029049278552099513
23.200000000000017,70.49999999999986,0.250278875228194,0.4439451395595633,0.028358687068127615
23.200000000000017,70.59999999999985,0.25038195319048373,0.44848698526779324,0.027809307845681364
23.200000000000017,70.69999999999985,0.23857250971518112,0.42852357681896136,0.026331635111082313
23.200000000000017,70.79999999999984,0.2345495032764112,0.4276923400776875,0.02504848734589149
23.200000000000017,70.89999999999984,0.2034015251936892,0.37030806888940865,0.021826128365606975
23.200000000000017,70.99999999999983,0.17033717571445714,0.30896472552061416,0.018464748343816294
23.200000000000017,71.09999999999982,0.14519332241465194,0.26395123570402274,0.01569002815491953
23.200000000000017,71.19999999999982,0.12375256152093451,0.2257931560477286,0.013287027752960099
23.200000000000017,71.29999999999981,0.10619543676227106,0.19475278497825826,0.011271791174168683
23.200000000000017,71.3999999999998,0.09081938696155926,0.16720637092294854,0.009550321024190114
23.200000000000017,71.4999999999998,0.07511985141932011,0.13708982921831686,0.008083717632699342
23.30000000000002,68.0,0.07714997447794505,0.14509333124715265,0.007553158090517385
23.30000000000002,68.1,0.09209762603246655,0.1734655819152244,0.00895510768269318
23.30000000000002,68.19999999999999,0.10760218752570498,0.20157995954096491,0.010645918325934102
23.30000000000002,68.29999999999998,0.12892523544102077,0.24108040849421677,0.012817524113047566
23.30000000000002,68.39999999999998,0.15936296098923883,0.29900970718654746,0.01563657948567864
23.30000000000002,68.49999999999997,0.1844845381744496,0.3451164032471912,0.018198431496867885
23.30000000000002,68.59999999999997,0.1897110987615329,0.3497223416852077,0.01948858178650521
23.30000000000002,68.69999999999996,0.20514972351606206,0.37648146407441224,0.021303278617984835
23.30000000000002,68.79999999999995,0.22022868860696673,0.40332632748411057,0.0229786600993669
23.30000000000002,68.89999999999995,0.21820725173620442,0.39594480106717256,0.023311766617486348
23.30000000000002,68.99999999999994,0.22551743836866267,0.40933535244632135,0.024135995356711053
23.30000000000002,69.09999999999994,0.22678593085823517,0.4108142895179471,0.024457981005080592
23.30000000000002,69.19999999999993,0.2228192835854864,0.40151485492910105,0.024374942047567235
23.30000000000002,69.29999999999993,0.22870988747305346,0.41335423204276656,0.024961187476192567
23.30000000000002,69.39999999999992,0.22690697205558114,0.4087067704339989,0.025028333011151538
23.30000000000002,69.49999999999991,0.22542050853898654,0.40423115620045424,0.025155885004123083
23.30000000000002,69.59999999999991,0.23219564872626403,0.41672058192013495,0.025921499286993936
23.30000000000002,69.6999999999999,0.23158025971120588,0.41241903415163744,0.026273979105839323
23.30000000000002,69.7999999999999,0.23621439298282412,0.41793689169388737,0.027106228090852644
23.30000000000002,69.89999999999989,0.24926416937174797,0.4401690889320826,0.028645715166437265
23.30000000000002,69.99999999999989,0.2531110403316794,0.4427132737184828,0.02955337744135157
23.30000000000002,70.09999999999988,0.2634989061975934,0.45995217445680187,0.03083191495976379
23.30000000000002,70.19999999999987,0.26931484610511075,0.46902602160429985,0.03157196026307328
23.30000000000002,70.29999999999987,0.2664281342549909,0.4621665583038027,0.03142402155296174
23.30000000000002,70.39999999999986,0.26876806379065993,0.4682204411251955,0.03142194103745157
23.30000000000002,70.49999999999986,0.2631682738867324,0.46014779208902523,0.030562537736067562
23.30000000000002,70.59999999999985,0.25182826616966414,0.44195979855095363,0.029025245529284212
23.30000000000002,70.69999999999985,0.2445596614220847,0.43409821629799705,0.027577481153617876
23.30000000000002,70.79999999999984,0.22876228623717373,0.4095675826893037,0.0253948690511169
23.30000000000002,70.89999999999984,0.2098329673451204,0.37882789677634493,0.022913813855661994
23.30000000000002,70.99999999999983,0.19674310869806463,0.3610428223735483,0.020737394983751465
23.30000000000002,71.09999999999982,0.16773422301273883,0.30902622922128814,0.017562546859621733
23.30000000000002,71.19999999999982,0.13537646598044595,0.24847459540695066,0.014340626667132875
23.30000000000002,71.29999999999981,0.11184949645826522,0.2053021917242007,0.01185598847971165
23.30000000000002,71.3999999999998,0.09392374275622026,0.17273283230132944,0.009907072503557659
23.30000000000002,71.4999999999998,0.07701478098353508,0.14028004014493947,0.008324616559526325
23.40000000000002,68.0,0.0778593288121951,0.1462495267566026,0.007652979170973904
23.40000000000002,68.1,0.09326123856158375,0.17552259161881384,0.009096335932584585
23.40000000000002,68.19999999999999,0.11012945011856015,0.2063973663026233,0.01088538883892133
23.40000000000002,68.29999999999998,0.13572094384103325,0.25478468049777975,0.013338047314064507
23.40000000000002,68.39999999999998,0.17842904909023852,0.338168814748854,0.016939237182630636
23.40000000000002,68.49999999999997,0.21574511852109735,0.40963260268713325,0.02028118609495015
23.40000000000002,68.59999999999997,0.20533073865024973,0.38214174186109134,0.020579134328728956
23.40000000000002,68.69999999999996,0.21590510781125807,0.40023877027792387,0.021878575554508554
23.40000000000002,68.79999999999995,0.2313314195899301,0.42950312869933754,0.023354009589246286
23.40000000000002,68.89999999999995,0.21602747943423956,0.39466807815983274,0.022805214910165652
23.40000000000002,68.99999999999994,0.22925563015277872,0.4212599516829681,0.023921272444312854
23.40000000000002,69.09999999999994,0.23227231799119819,0.42667481984721156,0.02433467150377933
23.40000000000002,69.19999999999993,0.21850039913595856,0.3963995371669121,0.02367964161155635
23.40000000000002,69.29999999999993,0.2351433154279404,0.43138822201256366,0.024904784344425876
23.40000000000002,69.39999999999992,0.22916664733601566,0.41759456352553787,0.024758302553543145
23.40000000000002,69.49999999999991,0.22261620839620228,0.4016221661594879,0.02463444201359871
23.40000000000002,69.59999999999991,0.24166734820321242,0.44015154363761033,0.02622688393765621
23.40000000000002,69.6999999999999,0.2338580487138994,0.41867808393631334,0.02631553903093803
23.40000000000002,69.7999999999999,0.24482203385787912,0.4352279607854222,0.027850385636016953
23.40000000000002,69.89999999999989,0.2760034942615807,0.49243098786059014,0.031083240220735633
23.40000000000002,69.99999999999989,0.288834015594879,0.5091514229346326,0.033201290908962115
23.40000000000002,70.09999999999988,0.31246434796449835,0.5500218491318087,0.03591032481800322
23.40000000000002,70.19999999999987,0.3245945274962435,0.5702243053724212,0.03736602717142756
23.40000000000002,70.29999999999987,0.31675565146756124,0.5526328380825124,0.036895619464735706
23.40000000000002,70.39999999999986,0.32324553039969245,0.567606619698779,0.03717915394304015
23.40000000000002,70.49999999999986,0.3137521888516091,0.5531756578597592,0.03581867511885917
23.40000000000002,70.59999999999985,0.2873552072975711,0.5072538713484527,0.03273988485364008
23.40000000000002,70.69999999999985,0.27322908484502495,0.4890769966444571,0.030280212788970907
23.40000000000002,70.79999999999984,0.24169174194852913,0.43416885864028254,0.02663293859842929
23.40000000000002,70.89999999999984,0.22119291072781203,0.4012461467571594,0.02390885477747796
23.40000000000002,70.99999999999983,0.2238022959417619,0.4173643429481387,0.02263039463875789
23.40000000000002,71.09999999999982,0.1846651708202851,0.3441070046227267,0.01877959507023612
23.40000000000002,71.19999999999982,0.14137116254598314,0.26047787886941814,0.014847073189723281
23.40000000000002,71.29999999999981,0.11415842649284977,0.2095542336876896,0.012105728149995443
23.40000000000002,71.3999999999998,0.09508436537578953,0.17463241827136708,0.010064682803998366
23.40000000000002,71.4999999999998,0.07779313765361577,0.14145641147054785,0.008440628062968768
23.50000000000002,68.0,0.07735205869014843,0.14510240701955407,0.007630214777381225
23.50000000000002,68.1,0.09199595451289908,0.17288710790662098,0.00901084807741984
23.50000000000002,68.19999999999999,0.1071440511398934,0.20045858526538957,0.010655111319693966
23.50000000000002,68.29999999999998,0.12785289552059728,0.23908942026565289,0.012737984358785785
23.50000000000002,68.39999999999998,0.15720603549438988,0.29552262099778487,0.015393886762768002
23.50000000000002,68.49999999999997,0.18014586780312222,0.3383571753913295,0.017659974737466305
23.50000000000002,68.59999999999997,0.17980607047689381,0.3329981497027022,0.01836836578648025
23.50000000000002,68.69999999999996,0.18608760525255874,0.34297742976066126,0.01927077123326847
23.50000000000002,68.79999999999995,0.19343119025469363,0.3560961787283164,0.020121251958876415
23.50000000000002,68.89999999999995,0.187930595431742,0.34232247911141755,0.02012285290402886
23.50000000000002,68.99999999999994,0.19408943025959954,0.35417418599753114,0.020758933045895014
23.50000000000002,69.09999999999994,0.19577604080937988,0.35676674754639126,0.021086539729609322
23.50000000000002,69.19999999999993,0.1903824354111819,0.34412968818419337,0.02096777964573279
23.50000000000002,69.29999999999993,0.1977994618228165,0.35922156715143516,0.021632396189418587
23.50000000000002,69.39999999999992,0.19619983771021685,0.35425032678104973,0.021789968771357804
23.50000000000002,69.49999999999991,0.1949296332121623,0.3491012148595137,0.022044404572250792
23.50000000000002,69.59999999999991,0.20570041300246544,0.36910574582452826,0.023180236245668503
23.50000000000002,69.6999999999999,0.20951219374390914,0.37150766022192183,0.02412306618433641
23.50000000000002,69.7999999999999,0.23011868175653524,0.40701101969586256,0.026529021199082597
23.50000000000002,69.89999999999989,0.2810140447615906,0.5022231042844605,0.03159102329934175
23.50000000000002,69.99999999999989,0.34914792074237366,0.628572992890891,0.03841258237803009
23.50000000000002,70.09999999999988,0.3884719041445724,0.6955425514749788,0.04303203077934375
23.50000000000002,70.19999999999987,0.400386799522838,0.7126612528215128,0.04476687626639584
23.50000000000002,70.29999999999987,0.4001277740662011,0.710517580194728,0.04490972063770816
23.50000000000002,70.39999999999986,0.4000460188322504,0.7120533640678217,0.04467640873563101
23.50000000000002,70.49999999999986,0.38880583417913883,0.6962968468988388,0.04292962670591539
23.50000000000002,70.59999999999985,0.3486745615151425,0.6280870643815204,0.03810827303268402
23.50000000000002,70.69999999999985,0.2796269315553912,0.5009863901226124,0.030988179363152527
23.50000000000002,70.79999999999984,0.22733922653151717,0.40535116524071013,0.02548796641960746
23.50000000000002,70.89999999999984,0.20090685037869074,0.3607311288191716,0.02223759915944877
23.50000000000002,70.99999999999983,0.1910085825656579,0.3500577035210743,0.02026431178129976
23.50000000000002,71.09999999999982,0.16470847554771142,0.3030633848482507,0.01734910131474477
23.50000000000002,71.19999999999982,0.13387050613498894,0.24506678226240738,0.014288714671172015
23.50000000000002,71.29999999999981,0.11124893166054298,0.20353902338132748,0.011891720456728325
23.50000000000002,71.3999999999998,0.09379752194353995,0.17183388925865922,0.009986795129679728
23.50000000000002,71.4999999999998,0.07731015978211983,0.1403110360816341,0.008421340061963944
23.600000000000023,68.0,0.07629727070144145,0.14311842022742025,0.007521639922203705
23.600000000000023,68.1,0.08974195623920683,0.1686604018621107,0.00877968319876042
23.600000000000023,68.19999999999999,0.1017166041490196,0.18992567409242295,0.010160755899942522
23.600000000000023,68.29999999999998,0.11488280136763841,0.21332319947153455,0.01167310288054987
23.600000000000023,68.39999999999998,0.12953032330456002,0.239895744035698,0.01325975293006106
23.600000000000023,68.49999999999997,0.14069625334298197,0.2593382616359986,0.014590247623584138
23.600000000000023,68.59999999999997,0.14568279199741813,0.2662592138028085,0.015441356647477809
23.600000000000023,68.69999999999996,0.14983380435998,0.2723154848890226,0.016121060461494717
23.600000000000023,68.79999999999995,0.15295857315496425,0.27678238530499816,0.01666257481385005
23.600000000000023,68.89999999999995,0.1536237099838175,0.2763940234580039,0.01699812307670978
23.600000000000023,68.99999999999994,0.1555680517204446,0.2792015160102323,0.017363290422735104
23.600000000000023,69.09999999999994,0.15659337082689972,0.2802184905334283,0.017646047525761193
23.600000000000023,69.19999999999993,0.15655305535817582,0.2789080043160572,0.01785915463049404
23.600000000000023,69.29999999999993,0.15854735410892148,0.2818995636484256,0.01820640608648211
23.600000000000023,69.39999999999992,0.15981880350874417,0.282793921543457,0.01855346818725568
23.600000000000023,69.49999999999991,0.16225586352543475,0.2853953033306335,0.019052818459272675
23.600000000000023,69.59999999999991,0.16879547333887285,0.295928431213866,0.019936319640511103
23.600000000000023,69.6999999999999,0.1797075722045563,0.31391714750058936,0.02131906312691467
23.600000000000023,69.7999999999999,0.20464413976509827,0.3595067867736441,0.023968482289679433
23.600000000000023,69.89999999999989,0.2590075981256116,0.46346355700941383,0.02915910681443529
23.600000000000023,69.99999999999989,0.33690708130190444,0.6102153687406136,0.036662356311843454
23.600000000000023,70.09999999999988,0.37719659344644607,0.6789275448906443,0.04136903899136039
23.600000000000023,70.19999999999987,0.38878044004065515,0.6954058589365332,0.04309788171633244
23.600000000000023,70.29999999999987,0.39093551219555367,0.6977794793441977,0.04347858509332029
23.600000000000023,70.39999999999986,0.38871373608979964,0.6953053406628427,0.043037867570894256
23.600000000000023,70.49999999999986,0.37721324760308617,0.679041907756224,0.041249743398561
23.600000000000023,70.59999999999985,0.3367102864366984,0.6101255971296198,0.03640920780661211
23.600000000000023,70.69999999999985,0.2580770151920968,0.4628884011556332,0.028633443065793292
23.600000000000023,70.79999999999984,0.2018608149852714,0.35725324303938905,0.023008515709224204
23.600000000000023,70.89999999999984,0.1728601184111432,0.3061784499932334,0.019711732072751818
23.600000000000023,70.99999999999983,0.15590091243161222,0.27885249621431435,0.017463029498183548
23.600000000000023,71.09999999999982,0.1392067554943315,0.2510595985095439,0.015344942535084113
23.600000000000023,71.19999999999982,0.12161847984682618,0.22042443241558574,0.013265872918997659
23.600000000000023,71.29999999999981,0.10585324211781301,0.19292549844153156,0.011402931486517585
23.600000000000023,71.3999999999998,0.09137866953525044,0.1672242589998351,0.009746167821504214
23.600000000000023,71.4999999999998,0.07602832060512943,0.13781681093793596,0.008299923617357655
23.700000000000024,68.0,0.07511904374706388,0.1409558260296804,0.007391515964084984
23.700000000000024,68.1,0.08746892784964184,0.16447067703883128,0.008541664755312001
23.700000000000024,68.19999999999999,0.09712984293656368,0.18120585425922167,0.009716488963733276
23.700000000000024,68.29999999999998,0.10587805974245834,0.1957617942958821,0.010867471705608995
23.700000000000024,68.39999999999998,0.11426019052435753,0.209754816793807,0.011955544874169216
23.700000000000024,68.49999999999997,0.12098424137958817,0.22052436200345013,0.012890712776853813
23.700000000000024,68.59999999999997,0.1254837552052377,0.2270875529841971,0.013617918362641129
23.700000000000024,68.69999999999996,0.12882244230185258,0.23172171359534635,0.014194297700062336
23.700000000000024,68.79999999999995,0.13113238936668153,0.23461758165303473,0.014645858933878798
23.700000000000024,68.89999999999995,0.13256243137734197,0.23598972421062814,0.01500157055191005
23.700000000000024,68.99999999999994,0.13387762811059012,0.2374443947981685,0.01531082369867725
23.700000000000024,69.09999999999994,0.1348385741447383,0.23828993290572364,0.01558516703569783
23.700000000000024,69.19999999999993,0.13564597795123298,0.23875136956097107,0.01584894831851177
23.700000000000024,69.29999999999993,0.13700991032579785,0.24028998750899946,0.016154386007217875
23.700000000000024,69.39999999999992,0.13884075660749307,0.2424222025828143,0.016529467598008885
23.700000000000024,69.49999999999991,0.14191146538054403,0.24662240004093397,0.017051612872557763
23.700000000000024,69.59999999999991,0.14775972377180446,0.2558153856728316,0.017844246612016782
23.700000000000024,69.6999999999999,0.1580353431515515,0.2736246195835118,0.01908663045776675
23.700000000000024,69.7999999999999,0.1767790064796892,0.30776185947873497,0.021104475552407295
23.700000000000024,69.89999999999989,0.2075405347966027,0.3654778496676798,0.024202842164694968
23.700000000000024,69.99999999999989,0.24327282913704099,0.4313698086464047,0.027860459946264376
23.700000000000024,70.09999999999988,0.2672009278731071,0.4728848348541778,0.03057998086891336
23.700000000000024,70.19999999999987,0.27763725718710097,0.4893502341870768,0.03192804508210778
23.700000000000024,70.29999999999987,0.2802923596660124,0.4932586557265455,0.032286495526929
23.700000000000024,70.39999999999986,0.27756028118219167,0.48926407391910043,0.03185301506079934
23.700000000000024,70.49999999999986,0.2671129253747054,0.4729342455576707,0.03041905693753463
23.700000000000024,70.59999999999985,0.24290595179793198,0.4312276937688758,0.027555698786452604
23.700000000000024,70.69999999999985,0.20640209972392703,0.3647182974203536,0.0236580101771352
23.700000000000024,70.79999999999984,0.17398737131003494,0.3054935786119036,0.020183511611459547
23.700000000000024,70.89999999999984,0.15209473964370246,0.2670751503125011,0.017637480141088097
23.700000000000024,70.99999999999983,0.13696968607266766,0.2421198940106942,0.0156965032337181
23.700000000000024,71.09999999999982,0.12447980028757366,0.22219324341946137,0.014008290374058954
23.700000000000024,71.19999999999982,0.11262317384565684,0.20301318707424068,0.012422813366193445
23.700000000000024,71.29999999999981,0.10101272967390629,0.18379364464105652,0.010913763251413073
23.700000000000024,71.3999999999998,0.08879871102931998,0.1624696508319548,0.009466879073475995
23.700000000000024,71.4999999999998,0.07454578075550675,0.13513475425168497,0.008134351341930263
23.800000000000026,68.0,0.07437091447011049,0.1396833110024577,0.0072919751678532435
23.800000000000026,68.1,0.0861995531780759,0.1621908278383401,0.008392958312135842
23.800000000000026,68.19999999999999,0.09504022037933618,0.1773804700464487,0.009489043785308092
23.800000000000026,68.29999999999998,0.10245049802749806,0.18937291464507963,0.010516616872017019
23.800000000000026,68.39999999999998,0.10913618459422278,0.20006021739821325,0.011452035654643812
23.800000000000026,68.49999999999997,0.11450497811208729,0.20829583536434024,0.012255346538161868
23.800000000000026,68.59999999999997,0.11845090959240062,0.21391633981451946,0.012908651808447613
23.800000000000026,68.69999999999996,0.12136815339305135,0.21788676212195995,0.01342327754022487
23.800000000000026,68.79999999999995,0.12334331895957608,0.2203159358027679,0.013832509199539957
23.800000000000026,68.89999999999995,0.12466582453218927,0.22165107737853706,0.014163017242291354
23.800000000000026,68.99999999999994,0.12576998782136523,0.2227853086680657,0.014442292871473672
23.800000000000026,69.09999999999994,0.12664563650749777,0.22350004973331286,0.014694925609785489
23.800000000000026,69.19999999999993,0.12747566227836254,0.2240729856254891,0.01494549537225909
23.800000000000026,69.29999999999993,0.12867987363094044,0.22531626698285653,0.015226641202483309
23.800000000000026,69.39999999999992,0.13036547544062768,0.22724905357129555,0.015570245081174586
23.800000000000026,69.49999999999991,0.13302786520363225,0.23076950717485967,0.016023860315311163
23.800000000000026,69.59999999999991,0.13750875707073362,0.23772966272683818,0.016663059315146056
23.800000000000026,69.6999999999999,0.1447322348605711,0.24979847710907746,0.017579598509437626
23.800000000000026,69.7999999999999,0.15582886484795427,0.2692694523734076,0.01886534548010799
23.800000000000026,69.89999999999989,0.1709606511459442,0.29649701535193246,0.020521761063801464
23.800000000000026,69.99999999999989,0.18698512658465127,0.32512636674670264,0.022279322822848262
23.800000000000026,70.09999999999988,0.19935169627649843,0.34647511161656525,0.023697773663645328
23.800000000000026,70.19999999999987,0.20623967462261616,0.35792979767408206,0.02452475813325146
23.800000000000026,70.29999999999987,0.20830248248596384,0.36129276142114763,0.024761236609578643
23.800000000000026,70.39999999999986,0.20610596880637333,0.35781989122868973,0.02443219020906356
23.800000000000026,70.49999999999986,0.1991097772771226,0.3464432942046315,0.02349779141997936
23.800000000000026,70.59999999999985,0.18634632822724126,0.3247864249758099,0.021925762281885752
23.800000000000026,70.69999999999985,0.16947727808275817,0.29537888393632455,0.019939102850790414
23.800000000000026,70.79999999999984,0.15285810927791607,0.2666286751402283,0.017952522631976223
23.800000000000026,70.89999999999984,0.13905416586557265,0.24362543831052974,0.016204829229928955
23.800000000000026,70.99999999999983,0.12779032160255763,0.22564896217693944,0.014681483181502284
23.800000000000026,71.09999999999982,0.11788708276517083,0.21027223062561445,0.013278087445254329
23.800000000000026,71.19999999999982,0.10825388076019203,0.19522440843402109,0.011920951083018811
23.800000000000026,71.29999999999981,0.09828530561203978,0.17909573827614483,0.010578203020732735
23.800000000000026,71.3999999999998,0.08700739017831616,0.15946995535870967,0.009237574482794985
23.800000000000026,71.4999999999998,0.07342216623593036,0.13336995749856284,0.007974471472001457
23.900000000000027,68.0,0.07453511071065932,0.14040963603257423,0.0072417732473577185
23.900000000000027,68.1,0.08683363287867907,0.16391751611540817,0.00836882289774709
23.900000000000027,68.19999999999999,0.09637564168135179,0.18052846424626942,0.009520233972010309
23.900000000000027,68.29999999999998,0.10493973360320849,0.1948675603777644,0.01063807633022959
23.900000000000027,68.39999999999998,0.11306982244195833,0.20854492473682806,0.01168270590446373
23.900000000000027,68.49999999999997,0.11944438813222756,0.21885730175602733,0.012559939445122795
23.900000000000027,68.59999999999997,0.1235397876980078,0.22488303051962427,0.01322260202953233
23.900000000000027,68.69999999999996,0.12640152385898137,0.22886500256103295,0.01372397247245504
23.900000000000027,68.79999999999995,0.12823772200543418,0.23111430480418152,0.014107295672939769
23.900000000000027,68.89999999999995,0.129244774057817,0.23192422450587902,0.014396924427692338
23.900000000000027,68.99999999999994,0.13021432745065523,0.2329518215378631,0.014646725677017355
23.900000000000027,69.09999999999994,0.13089718740560563,0.23345931777076617,0.014867453489726403
23.900000000000027,69.19999999999993,0.13141670132760438,0.2335792806786826,0.01507839680568414
23.900000000000027,69.29999999999993,0.13240569162442922,0.2346305071085287,0.015319437334084684
23.900000000000027,69.39999999999992,0.13356796276929536,0.2357538341737318,0.015596354232453934
23.900000000000027,69.49999999999991,0.1352660501896745,0.237671924133137,0.01594381327184391
23.900000000000027,69.59999999999991,0.1382020784569832,0.24188281434424622,0.01640947530695487
23.900000000000027,69.6999999999999,0.14231877858003214,0.24806516459235484,0.01701190401561751
23.900000000000027,69.7999999999999,0.14811595831604937,0.2571659350568295,0.01777875966240743
23.900000000000027,69.89999999999989,0.1553546431018691,0.26934324931362635,0.01867509355271002
23.900000000000027,69.99999999999989,0.16267850137410864,0.2814601857262706,0.019567402731479434
23.900000000000027,70.09999999999988,0.1686819870729214,0.2913884578412452,0.020303747117927703
23.900000000000027,70.19999999999987,0.17249581829898497,0.29770741924401467,0.020762614552306338
23.900000000000027,70.29999999999987,0.1736367619702993,0.29957678399734583,0.020880955045324504
23.900000000000027,70.39999999999986,0.1722756768527317,0.29749383652372485,0.020657880301423844
23.900000000000027,70.49999999999986,0.16833925394698063,0.29132165962408296,0.020083695534978577
23.900000000000027,70.59999999999985,0.16181605303868743,0.28090407139627954,0.01918885394460274
23.900000000000027,70.69999999999985,0.15361067198835324,0.2678252833569512,0.018074819292307052
23.900000000000027,70.79999999999984,0.1449656187798992,0.2542325569077141,0.01686861700886263
23.900000000000027,70.89999999999984,0.13655021738275958,0.24138574419994804,0.01565889865882722
23.900000000000027,70.99999999999983,0.12821119078144422,0.22879040433138442,0.01444228698934214
23.900000000000027,71.09999999999982,0.1191744983393611,0.21473144503808816,0.013157879282372834
23.900000000000027,71.19999999999982,0.10915543248783355,0.19851909924744557,0.011810573774246469
23.900000000000027,71.29999999999981,0.09857505015425115,0.18085064327569897,0.010450569492280366
23.900000000000027,71.3999999999998,0.08692465009590317,0.16028409148216544,0.009100101045558508
23.900000000000027,71.4999999999998,0.07298594954327592,0.13322200229616915,0.007843765997386601
24.00000000000003,68.0,0.07511789880595073,0.14198784474563164,0.007221476006899479
24.00000000000003,68.1,0.08849389232670882,0.16755812296226774,0.008439540642801098
24.00000000000003,68.19999999999999,0.10029798669669265,0.18867880783925078,0.009775026944954749
24.00000000000003,68.29999999999998,0.11320807031153936,0.21182236389831222,0.01122896958622082
24.00000000000003,68.39999999999998,0.1274941658078602,0.23798955651680764,0.012741331459783624
24.00000000000003,68.49999999999997,0.13810350768454785,0.25675328618676146,0.013964804574937014
24.00000000000003,68.59999999999997,0.14223273066537506,0.26255984548799,0.014679440200741248
24.00000000000003,68.69999999999996,0.14541436693735474,0.26727321872645493,0.015203888589295694
24.00000000000003,68.79999999999995,0.14761953977048936,0.27052015481538105,0.01559339570738736
24.00000000000003,68.89999999999995,0.14741465730654577,0.2689586287742223,0.015790877658101513
24.00000000000003,68.99999999999994,0.1487636968610162,0.2711233574054068,0.01603733060425929
24.00000000000003,69.09999999999994,0.14929895370771956,0.27165125564434217,0.0162221655397074
24.00000000000003,69.19999999999993,0.14875100491720725,0.26977172465712534,0.01634019392402529
24.00000000000003,69.29999999999993,0.15021742501895943,0.272340212986328,0.016575553540967913
24.00000000000003,69.39999999999992,0.1504667669795576,0.27195727802035236,0.016756430825164717
24.00000000000003,69.49999999999991,0.1508617911824851,0.2715640572801606,0.016971939219471703
24.00000000000003,69.59999999999991,0.15327223699352205,0.2753133555082489,0.017333795617655568
24.00000000000003,69.6999999999999,0.15449869831976928,0.2759610732445498,0.017658074490901142
24.00000000000003,69.7999999999999,0.15704685680795932,0.27915132306150575,0.018092055393668004
24.00000000000003,69.89999999999989,0.1608826792353064,0.2850082231891233,0.018612265389865625
24.00000000000003,69.99999999999989,0.1631270184705102,0.28741329969891166,0.01901818091979555
24.00000000000003,70.09999999999988,0.1661060000870623,0.29194177433924,0.019418466712183585
24.00000000000003,70.19999999999987,0.16815568049491555,0.2951980394887562,0.019668287474605688
24.00000000000003,70.29999999999987,0.16789153350318436,0.294226735456147,0.019664155496597967
24.00000000000003,70.39999999999986,0.16784726820964532,0.2947868434953499,0.019559511862774815
24.00000000000003,70.49999999999986,0.16587380545386407,0.2921125250833579,0.019208523413597262
24.00000000000003,70.59999999999985,0.16223118275599238,0.28672359627047694,0.018643111848482444
24.00000000000003,70.69999999999985,0.15918569084785594,0.2834607660720084,0.01803110234367423
24.00000000000003,70.79999999999984,0.15419525923824723,0.2765281326630332,0.017221503339490976
24.00000000000003,70.89999999999984,0.1486674057354347,0.26880275621907596,0.016310108541158344
24.00000000000003,70.99999999999983,0.14246437478719265,0.2603049169980454,0.015280393706056838
24.00000000000003,71.09999999999982,0.130766913996605,0.24040422535495584,0.013826487966616778
24.00000000000003,71.19999999999982,0.11568102756538572,0.21333352962319896,0.012137354404236099
24.00000000000003,71.29999999999981,0.10143725992864307,0.18784910596922932,0.010524578435727594
24.00000000000003,71.3999999999998,0.08788845578240662,0.1632491275883405,0.009042033556783917
24.00000000000003,71.4999999999998,0.0730250003285796,0.1341919257167842,0.007732974299115583
24.10000000000003,68.0,0.07550450988722453,0.14322334361382236,0.007173743443588816
24.10000000000003,68.1,0.09009222139465539,0.17110815576116203,0.008499950529740672
24.10000000000003,68.19999999999999,0.10508151878376205,0.1986358053799173,0.010085042960105236
24.10000000000003,68.29999999999998,0.12568410042261963,0.23731283514617071,0.012097159243982034
24.10000000000003,68.39999999999998,0.15489998593619297,0.2936986298330244,0.014659147874083065
24.10000000000003,68.49999999999997,0.17721874258040735,0.33584337885201004,0.01677475109404154
24.10000000000003,68.59999999999997,0.1753877138705351,0.32856078079125517,0.017268747247782035
24.10000000000003,68.69999999999996,0.18006648743923181,0.33644212744499014,0.0178871165510801
24.10000000000003,68.79999999999995,0.18600590663267136,0.3477494450036901,0.018471437057445708
24.10000000000003,68.89999999999995,0.17877434166936657,0.33157599394579546,0.01824301920047173
24.10000000000003,68.99999999999994,0.18442912756859745,0.3431286221776538,0.018709118589412203
24.10000000000003,69.09999999999994,0.18561414434221846,0.34532783613368323,0.018902141251742475
24.10000000000003,69.19999999999993,0.1792624516452976,0.3314237946669993,0.018654743700289973
24.10000000000003,69.29999999999993,0.18676746738224187,0.34723729480039756,0.01920133135115352
24.10000000000003,69.39999999999992,0.18411562596218564,0.34114341220813854,0.019172171897735
24.10000000000003,69.49999999999991,0.1808041141994206,0.3334078138734811,0.019119976704547927
24.10000000000003,69.59999999999991,0.18884185480403995,0.3500205838284303,0.019732726549333137
24.10000000000003,69.6999999999999,0.18365788147025042,0.33774981481692884,0.01960742356046882
24.10000000000003,69.7999999999999,0.1845494386546446,0.33841587706271814,0.01984343371885626
24.10000000000003,69.89999999999989,0.19140528716162905,0.35199909817097824,0.020426208263906582
24.10000000000003,69.99999999999989,0.18525331733076547,0.3371879489599787,0.020234381099843983
24.10000000000003,70.09999999999988,0.18956855823924756,0.3454998353595682,0.02061856883960761
24.10000000000003,70.19999999999987,0.19290120536339014,0.35207525693064073,0.020886336962172368
24.10000000000003,70.29999999999987,0.186300336514864,0.33739706328627606,0.02049177572123767
24.10000000000003,70.39999999999986,0.19196742842919484,0.3502192250933326,0.02074732972122023
24.10000000000003,70.49999999999986,0.19032654863178639,0.34763904726153216,0.02048367650879188
24.10000000000003,70.59999999999985,0.18418345949015963,0.3358142590929151,0.019877295430875037
24.10000000000003,70.69999999999985,0.18985910735080802,0.35026473997089175,0.01988929198672681
24.10000000000003,70.79999999999984,0.18316827374243622,0.3383873192965047,0.019098890049966847
24.10000000000003,70.89999999999984,0.17772040676700807,0.3299669638805808,0.018276330807109404
24.10000000000003,70.99999999999983,0.1786150284402494,0.33637409931418105,0.01762095699590456
24.10000000000003,71.09999999999982,0.15612078975740748,0.2941390822510367,0.015407712751768918
24.10000000000003,71.19999999999982,0.12682984173842055,0.2375346367056366,0.01277370286840539
24.10000000000003,71.29999999999981,0.10542650522736505,0.197146642231318,0.01066637919195468
24.10000000000003,71.3999999999998,0.08893605493153238,0.16636981631094538,0.008980039602538795
24.10000000000003,71.4999999999998,0.07299131870884544,0.13511385443145715,0.007596625291986021
24.20000000000003,68.0,0.07514140917365973,0.14321386510568612,0.0070223123462392
24.20000000000003,68.1,0.09047725508825864,0.17264291090247502,0.008389687865382996
24.20000000000003,68.19999999999999,0.1071891544622451,0.20358061824394927,0.010105959222137898
24.20000000000003,68.29999999999998,0.1327998141528303,0.2522848280591811,0.012474183984746125
24.20000000000003,68.39999999999998,0.17561550218781613,0.3360539327833731,0.015957132598170443
24.20000000000003,68.49999999999997,0.21214027833344656,0.40645232780611457,0.019082201087568355
24.20000000000003,68.59999999999997,0.19867076405313389,0.37488626740884534,0.018976773944607117
24.20000000000003,68.69999999999996,0.20591489715305783,0.38808257640057264,0.019744181059967614
24.20000000000003,68.79999999999995,0.21897072643775464,0.4143644662126028,0.020725246298044675
24.20000000000003,68.89999999999995,0.1997801282777831,0.3733916808650083,0.019789984071739795
24.20000000000003,68.99999999999994,0.21307718891757352,0.4010632037286184,0.02067418739666746
24.20000000000003,69.09999999999994,0.21575494374275914,0.40651657254883833,0.020931530072572334
24.20000000000003,69.19999999999993,0.19966483499323506,0.3723493506606021,0.020100685751359575
24.20000000000003,69.29999999999993,0.21811302682178413,0.41125054608251826,0.021248711500710973
24.20000000000003,69.39999999999992,0.21071469081175473,0.3954333940312935,0.02091244150202093
24.20000000000003,69.49999999999991,0.20180143014636756,0.3762449323858744,0.020499426555964
24.20000000000003,69.59999999999991,0.22127141018066196,0.4172046154308573,0.02171956207316062
24.20000000000003,69.6999999999999,0.20615218780188274,0.38472716761171843,0.020969650092660098
24.20000000000003,69.7999999999999,0.2064375293627878,0.38478400937648227,0.02110633398797494
24.20000000000003,69.89999999999989,0.22207692233411416,0.4175326513711963,0.0221128627731872
24.20000000000003,69.99999999999989,0.20346327619986052,0.3771754695636947,0.02114892739465029
24.20000000000003,70.09999999999988,0.21254566871408717,0.3962122161085357,0.021745928363400738
24.20000000000003,70.19999999999987,0.22008550451449446,0.4120880404973893,0.02221272729299354
24.20000000000003,70.29999999999987,0.20233052948259758,0.37380362536923173,0.021180038852884067
24.20000000000003,70.39999999999986,0.21780138680107777,0.4073266933342611,0.022006707968230878
24.20000000000003,70.49999999999986,0.21504644780960774,0.40191926238017156,0.02172645938587936
24.20000000000003,70.59999999999985,0.20183304582815667,0.374434054686925,0.02078124608475939
24.20000000000003,70.69999999999985,0.22015252383702474,0.4147021556141391,0.021592118182536826
24.20000000000003,70.79999999999984,0.20699567068785185,0.3884815473359453,0.020505127292483917
24.20000000000003,70.89999999999984,0.1995573496925076,0.3752692605630397,0.019633434279221384
24.20000000000003,70.99999999999983,0.21250433955971004,0.40642503678687997,0.019634695214837787
24.20000000000003,71.09999999999982,0.1760355541438184,0.336052105120895,0.016481857831629115
24.20000000000003,71.19999999999982,0.13330741237135546,0.25212441771249994,0.012984462295516922
24.20000000000003,71.29999999999981,0.10698507444424889,0.20169578236006358,0.010561256671256444
24.20000000000003,71.3999999999998,0.0888695823333833,0.16753879104541428,0.00877339162840723
24.20000000000003,71.4999999999998,0.07215417296631081,0.13454352699973668,0.007370301604214319
24.300000000000033,68.0,0.07308126593457262,0.13993226255750896,0.006708088383541441
24.300000000000033,68.1,0.0878301561349908,0.16835304669126328,0.007997617678273863
24.300000000000033,68.19999999999999,0.10295772177543087,0.1961960563531452,0.009581077952795567
24.300000000000033,68.29999999999998,0.12388753176732416,0.2354706009359755,0.011611993809353818
24.300000000000033,68.39999999999998,0.15358169220565163,0.2926200485639852,0.014202276897324605
24.300000000000033,68.49999999999997,0.17612800936131115,0.3350902225655115,0.01632979896776771
24.300000000000033,68.59999999999997,0.17419416533198495,0.32771380775316,0.016812157832422552
24.300000000000033,68.69999999999996,0.17888399501575558,0.3356798518329163,0.01741990652443565
24.300000000000033,68.79999999999995,0.18486417523610962,0.3470342279232236,0.01798017717416597
24.300000000000033,68.89999999999995,0.17746522133290915,0.3307094424369154,0.017726652359827143
24.300000000000033,68.99999999999994,0.18319387622740002,0.34237459237931644,0.018167553070693114
24.300000000000033,69.09999999999994,0.18435563310267042,0.3445769688978331,0.01833266293903205
24.300000000000033,69.19999999999993,0.17781442800342567,0.3305176291016804,0.018051597148722294
24.300000000000033,69.29999999999993,0.1853860475319254,0.34645148528743824,0.018558262880901674
24.300000000000033,69.39999999999992,0.18254320619719794,0.34025074162289776,0.018475195728666755
24.300000000000033,69.49999999999991,0.17887433886982934,0.33224519440442246,0.018350835238284825
24.300000000000033,69.59999999999991,0.18676741750381048,0.3488234768247317,0.018880941303741502
24.300000000000033,69.6999999999999,0.18088480734614554,0.33596704662658,0.018630203781414396
24.300000000000033,69.7999999999999,0.18105626370732697,0.33594623048072536,0.01872541703297675
24.300000000000033,69.89999999999989,0.1873618869288589,0.34907427089866305,0.019163623991243037
24.300000000000033,69.99999999999989,0.17999436329421006,0.33286788065088224,0.01880490132132834
24.300000000000033,70.09999999999988,0.1837821213608955,0.3407056474035493,0.019067123528514862
24.300000000000033,70.19999999999987,0.186812752183527,0.3470641759098896,0.019256109518366763
24.300000000000033,70.29999999999987,0.17957413701223016,0.33144066958000806,0.018818475896278785
24.300000000000033,70.39999999999986,0.18581485467624895,0.34509740992708826,0.019119561580074246
24.300000000000033,70.49999999999986,0.1846134970650443,0.34296329468931197,0.018943854414149038
24.300000000000033,70.59999999999985,0.17888309552963738,0.33141340896036003,0.018463548693859886
24.300000000000033,70.69999999999985,0.185791089011453,0.3472677201870174,0.018648094657721267
24.300000000000033,70.79999999999984,0.17971933649162364,0.33596115085558576,0.018016237480288133
24.300000000000033,70.89999999999984,0.17489510544163855,0.3280359030187977,0.01734846235855293
24.300000000000033,70.99999999999983,0.17646494443854588,0.33501841850563313,0.016799052164256346
24.300000000000033,71.09999999999982,0.1539090070784123,0.29254850547088335,0.014639642515325952
24.300000000000033,71.19999999999982,0.12417165998030685,0.23515920110833596,0.012027952056504173
24.300000000000033,71.29999999999981,0.1024649669748961,0.19405485802432818,0.009952649396909442
24.300000000000033,71.3999999999998,0.0859058006725609,0.16296909624463993,0.008317283420222935
24.300000000000033,71.4999999999998,0.06976686828240383,0.13089593065416502,0.0070072570890887045
24.400000000000034,68.0,0.06892625580970475,0.13256622789881348,0.0062274187714688525
24.400000000000034,68.1,0.08204291593997036,0.15796666642593415,0.0073328143511010285
24.400000000000034,68.19999999999999,0.09386397810718157,0.179490074645675,0.008616398399257425
24.400000000000034,68.29999999999998,0.10715179720610703,0.20364808166779794,0.01005296564746079
24.400000000000034,68.39999999999998,0.12194117615299721,0.23092710162811025,0.011565318099552494
24.400000000000034,68.49999999999997,0.13283394069449464,0.25043074156658496,0.012779755330027828
24.400000000000034,68.59999999999997,0.13690155372966717,0.25633501536205244,0.01345979264627401
24.400000000000034,68.69999999999996,0.13996924019003393,0.2610454808193462,0.013938478264452828
24.400000000000034,68.79999999999995,0.1420785989838208,0.26431825947172033,0.014275505500183595
24.400000000000034,68.89999999999995,0.14169512041195398,0.2626518305914478,0.014417075503704982
24.400000000000034,68.99999999999994,0.1429484304202065,0.26479908785498113,0.014608150622228975
24.400000000000034,69.09999999999994,0.14334669812922496,0.2652771617457402,0.01473198092555173
24.400000000000034,69.19999999999993,0.1425350008651796,0.2632370552558591,0.014777010342566645
24.400000000000034,69.29999999999993,0.1437585275571231,0.26566430461423907,0.014922463911915582
24.400000000000034,69.39999999999992,0.14347272070113604,0.26482627220944255,0.014981911521297112
24.400000000000034,69.49999999999991,0.1430310656617114,0.263616015095439,0.015032606749906864
24.400000000000034,69.59999999999991,0.14431039831772657,0.26613161851939116,0.015173463264939535
24.400000000000034,69.6999999999999,0.14365428252377727,0.26438856658494375,0.0152059964902988
24.400000000000034,69.7999999999999,0.14381322096465277,0.2643817456239698,0.015281618831449817
24.400000000000034,69.89999999999989,0.1449093823682177,0.26644412754495317,0.015397441805019446
24.400000000000034,69.99999999999989,0.14404681539521025,0.2642464174172362,0.015391956288535581
24.400000000000034,70.09999999999988,0.14466725644870332,0.26536282695682495,0.015454052251134985
24.400000000000034,70.19999999999987,0.14518783527245402,0.26640480640466735,0.015482779212525735
24.400000000000034,70.29999999999987,0.1441388900918092,0.2641631672339759,0.015396258558889597
24.400000000000034,70.39999999999986,0.14483043278656244,0.2659301505744836,0.015377871682644591
24.400000000000034,70.49999999999986,0.1444006973579273,0.2655066024272049,0.01525479470294196
24.400000000000034,70.59999999999985,0.1430673460536106,0.26339315966784216,0.015041154163415765
24.400000000000034,70.69999999999985,0.14313814920133439,0.26468204218276425,0.014857832084230662
24.400000000000034,70.79999999999984,0.14088984235208657,0.2614127903828581,0.014476215475737488
24.400000000000034,70.89999999999984,0.13768423539609936,0.25670423307704426,0.013949740772849781
24.400000000000034,70.99999999999983,0.1333250914048326,0.2504029012284566,0.013220177653388862
24.400000000000034,71.09999999999982,0.12233056321829325,0.23082281742832864,0.011972187616213097
24.400000000000034,71.19999999999982,0.10735895113923576,0.20319563233991714,0.010432954368409174
24.400000000000034,71.29999999999981,0.09325929536546268,0.17724398954359782,0.008946007923293886
24.400000000000034,71.3999999999998,0.08000871340504158,0.15246068165472143,0.007621531671827568
24.400000000000034,71.4999999999998,0.06558037247837824,0.12356537772657925,0.006499519523087291
24.500000000000036,68.0,0.06236620303947233,0.12011524054880268,0.005632924668527026
24.500000000000036,68.1,0.0733547742849223,0.1416786072319858,0.00650522091263225
24.500000000000036,68.19999999999999,0.08214673286881125,0.1575518896701355,0.00746795829723573
24.500000000000036,68.29999999999998,0.09044697793360702,0.17211791636316895,0.008459707436931392
24.500000000000036,68.39999999999998,0.098555788233958,0.18644849919452425,0.009404416851926254
24.500000000000036,68.49999999999997,0.10480792843441164,0.19718112588219044,0.010189307748534016
24.500000000000036,68.59999999999997,0.10866887778782991,0.20324697583918183,0.010759330178664464
24.500000000000036,68.69999999999996,0.11124866459105155,0.20717977592721976,0.011164764014561776
24.500000000000036,68.79999999999995,0.11279478396610887,0.2093238724020453,0.011454594009887121
24.500000000000036,68.89999999999995,0.11349170275441474,0.20994435335706757,0.011654836807258779
24.500000000000036,68.99999999999994,0.11419106903001502,0.21085827224715975,0.01181298581500167
24.500000000000036,69.09999999999994,0.11454973649932343,0.21117542726758665,0.011935615778205172
24.500000000000036,69.19999999999993,0.11461279103760531,0.21093178440069232,0.012031967265757962
24.500000000000036,69.29999999999993,0.11497333460637922,0.21144348734714682,0.012126378458816502
24.500000000000036,69.39999999999992,0.11508899916962331,0.21142188017136815,0.012205166352003515
24.500000000000036,69.49999999999991,0.11511692064969883,0.21118471240575276,0.012278502092247498
24.500000000000036,69.59999999999991,0.11546916570568394,0.2116934127901289,0.012356965457014438
24.500000000000036,69.6999999999999,0.11556690347533762,0.2116053758061263,0.012420683381089362
24.500000000000036,69.7999999999999,0.11568321492218123,0.21153224568690046,0.01248281378693236
24.500000000000036,69.89999999999989,0.11602812745202123,0.2120276668599558,0.012539942794533063
24.500000000000036,69.99999999999989,0.11608231989466263,0.2119049029833029,0.012572339781063991
24.500000000000036,70.09999999999988,0.11617184350398294,0.2119211391676408,0.01259423928896081
24.500000000000036,70.19999999999987,0.11632065716958606,0.21223335522723263,0.012590777828559335
24.500000000000036,70.29999999999987,0.11614578302349166,0.21196314062873572,0.012549198853376865
24.500000000000036,70.39999999999986,0.11595107369182386,0.21181971572691705,0.012482762647131725
24.500000000000036,70.49999999999986,0.11561434685222746,0.21163420299366537,0.012368396647438077
24.500000000000036,70.59999999999985,0.11488252812178115,0.2108212951257886,0.012199835824865621
24.500000000000036,70.69999999999985,0.11387633908538955,0.209698961380856,0.011977127740040932
24.500000000000036,70.79999999999984,0.1122374287347366,0.20762048147305812,0.011658323496104196
24.500000000000036,70.89999999999984,0.1095715993285858,0.20375258881596942,0.011215488197462778
24.500000000000036,70.99999999999983,0.1053714393135589,0.19711398854751747,0.01061204603364465
24.500000000000036,71.09999999999982,0.0990100733920907,0.18634212210718673,0.009791530435955976
24.500000000000036,71.19999999999982,0.09070625034223717,0.17173254407900643,0.008812084398136886
24.500000000000036,71.29999999999981,0.08157530707448381,0.15534187108229885,0.007781851586631099
24.500000000000036,71.3999999999998,0.0715563648541244,0.1366713179758801,0.006784796371522099
24.500000000000036,71.4999999999998,0.05941518724265229,0.1119545211457282,0.005896439827646875
